Município/Ano;2015;2016;2017;2018;2019;2020;2021;2024;2025
Abadia dos Dourados (MG);7015;7037;7059;6972;6989;7006;7022;6365;6345
Abaeté (MG);23535;23574;23611;23223;23237;23250;23263;23161;23173
Abre Campo (MG);13719;13726;13733;13465;13454;13444;13434;14312;14354
Acaiaca (MG);4056;4061;4065;3994;3994;3994;3995;3997;3998
Açucena (MG);10140;10066;9997;9575;9470;9368;9270;8995;8926
Água Boa (MG);14686;14524;14370;13600;13735;13523;13319;12545;12391
Água Comprida (MG);2064;2061;2058;2005;1999;1992;1986;2165;2171
Aguanil (MG);4370;4406;4440;4448;4486;4522;4557;4490;4509
Águas Formosas (MG);19307;19363;19416;19166;19207;19247;19285;18841;18850
Águas Vermelhas (MG);13447;13513;13576;13477;13539;13599;13656;14486;14567
Aimorés (MG);25694;25703;25711;25193;25167;25141;25116;26165;26212
Aiuruoca (MG);6240;6224;6209;6032;6003;5976;5949;6382;6389
Alagoa (MG);2760;2756;2752;2683;2674;2665;2657;2816;2820
Albertina (MG);3033;3040;3046;3003;3007;3011;3015;3023;3027
Além Paraíba (MG);35720;35795;35866;35321;35362;35401;35438;31333;31159
Alfenas (MG);78712;79222;79707;79481;79996;80494;80973;81950;82303
Alfredo Vasconcelos (MG);6639;6709;6775;6831;6907;6981;7052;7184;7236
Almenara (MG);41296;41552;41794;41642;41896;42143;42380;41894;42019
Alpercata (MG);7478;7497;7515;7411;7424;7436;7448;7029;7019
Alpinópolis (MG);19630;19741;19846;19745;19853;19958;20059;18672;18673
Alterosa (MG);14434;14494;14551;14414;14466;14517;14566;14253;14272
Alto Caparaó (MG);5702;5748;5791;5799;5847;5894;5938;5982;6014
Alto Rio Doce (MG);11896;11792;11693;11146;11000;10859;10723;10994;10931
Alvarenga (MG);4292;4245;4199;3973;3907;3844;3783;4012;3983
Alvinópolis (MG);15619;15609;15599;15239;15203;15169;15135;15360;15358
Alvorada de Minas (MG);3666;3669;3673;3606;3606;3605;3605;4322;4359
Amparo do Serra (MG);4971;4947;4924;4751;4713;4678;4643;4595;4574
Andradas (MG);40092;40407;40706;40747;41077;41396;41704;42282;42501
Cachoeira de Pajeú (MG);9410;9445;9479;9382;9412;9442;9470;9333;9347
Andrelândia (MG);12507;12507;12507;12242;12224;12206;12189;12169;12163
Angelândia (MG);8460;8502;8541;8481;8520;8557;8594;7860;7849
Antônio Carlos (MG);11560;11584;11608;11432;11445;11459;11471;11345;11350
Antônio Dias (MG);9685;9660;9637;9363;9318;9275;9233;9388;9375
Antônio Prado de Minas (MG);1677;1670;1664;1609;1598;1587;1577;1558;1552
Araçaí (MG);2352;2361;2368;2341;2347;2354;2360;2224;2222
Aracitaba (MG);2112;2112;2111;2066;2063;2059;2056;2095;2095
Araçuaí (MG);37270;37317;37361;36705;36708;36712;36715;35250;35185
Araguari (MG);116267;116871;117445;116691;117267;117825;118361;122874;123432
Arantina (MG);2880;2877;2873;2804;2795;2787;2779;2991;2998
Araponga (MG);8501;8523;8544;8425;8439;8453;8467;8218;8218
Araporă (MG);6657;6717;6774;6804;6869;6931;6992;8935;9069
Arapuá (MG);2875;2879;2883;2833;2834;2835;2836;2674;2668
Araújos (MG);8768;8885;8996;9142;9273;9401;9523;9556;9634
Araxá (MG);102238;103287;104283;105083;106229;107337;108403;117677;118786
Arceburgo (MG);10373;10478;10578;10657;10772;10883;10990;9348;9335
Arcos (MG);39249;39537;39811;39793;40092;40380;40658;43348;43653
Areado (MG);14740;14851;14956;14955;15070;15181;15288;14212;14229
Argirita (MG);2890;2874;2859;2751;2727;2704;2681;2725;2715
Aricanduva (MG);5118;5156;5192;5191;5231;5269;5305;4820;4820
Arinos (MG);18221;18232;18243;17888;17875;17862;17850;17598;17586
Astolfo Dutra (MG);13937;14030;14118;14085;14179;14270;14358;14565;14633
Ataléia (MG);14039;13897;13762;13064;12868;12678;12496;13967;13936
Augusto de Lima (MG);5041;5032;5023;4888;4869;4851;4833;4593;4572
Baependi (MG);19186;19252;19315;19094;19148;19199;19249;18768;18782
Baldim (MG);8071;8061;8051;7851;7826;7803;7780;7614;7595
Bambuí (MG);23850;23936;24018;23757;23829;23898;23964;24144;24203
Bandeira (MG);5019;5001;4984;4825;4795;4766;4738;4821;4811
Bandeira do Sul (MG);5674;5708;5739;5713;5746;5778;5808;6146;6183
Barăo de Cocais (MG);31270;31628;31968;32319;32485;32866;33232;32095;32264
Barăo do Monte Alto (MG);5706;5676;5648;5443;5397;5354;5311;4991;4952
Barbacena (MG);134924;135829;136689;136392;137313;138204;139061;129630;129695
Barra Longa (MG);5799;5710;5624;5250;5131;5015;4905;5740;5717
Barroso (MG);20693;20790;20882;20720;20810;20897;20981;20566;20604
Bela Vista de Minas (MG);10381;10399;10416;10248;10255;10262;10269;10412;10427
Belmiro Braga (MG);3501;3502;3503;3433;3429;3425;3422;3299;3292
Belo Horizonte (MG);2502557;2513451;2523794;2501576;2512070;2521564;2530701;2416339;2415872
Belo Oriente (MG);25619;25895;26158;26396;26700;26994;27277;24503;24546
Belo Vale (MG);7816;7829;7841;7710;7715;7719;7723;8946;9012
Berilo (MG);12431;12394;12360;11995;11932;11872;11813;9769;9638
Bertópolis (MG);4664;4671;4678;4602;4604;4607;4609;4546;4546
Berizal (MG);4661;4691;4720;4705;4735;4764;4792;4277;4270
Betim (MG);417307;422354;427146;432575;439340;444784;450024;429236;431433
Bias Fortes (MG);3685;3648;3613;3430;3379;3329;3282;3388;3367
Bicas (MG);14413;14481;14545;14431;14494;14554;14612;14331;14358
Biquinhas (MG);2640;2630;2619;2532;2515;2498;2482;2409;2397
Boa Esperança (MG);40287;40412;40530;40031;40127;40219;40308;41332;41443
Bocaina de Minas (MG);5174;5180;5185;5091;5090;5089;5088;5508;5530
Bocaiúva (MG);49600;49891;50168;49942;49979;50256;50521;49668;49797
Bom Despacho (MG);49236;49650;50042;50166;50605;51028;51436;53995;54377
Bom Jardim de Minas (MG);6653;6648;6644;6489;6474;6459;6444;6968;6988
Bom Jesus da Penha (MG);4150;4177;4203;4190;4217;4244;4270;4642;4677
Bom Jesus do Amparo (MG);5923;5972;6018;6031;6083;6133;6182;5775;5786
Bom Jesus do Galho (MG);15542;15500;15459;15010;14935;14862;14792;14756;14719
Bom Repouso (MG);10767;10771;10775;10558;10547;10537;10527;13183;13312
Bom Sucesso (MG);17858;17883;17907;17598;17603;17607;17612;17510;17515
Bonfim (MG);7016;7018;7020;6876;6868;6860;6852;7672;7710
Bonfinópolis de Minas (MG);5831;5797;5764;5544;5493;5444;5397;5615;5600
Bonito de Minas (MG);10669;10797;10951;11088;11230;11369;11502;10491;10525
Borda da Mata (MG);18682;18873;19055;19202;19412;19614;19809;17811;17837
Botelhos (MG);15324;15323;15322;14995;14971;14949;14927;15137;15141
Botumirim (MG);6574;6557;6540;6350;6319;6288;6259;5841;5806
Brasilândia de Minas (MG);15727;15921;16105;16321;16538;16748;16950;15432;15485
Brasília de Minas (MG);32564;32650;32732;32288;32347;32405;32460;33188;33262
Brás Pires (MG);4604;4577;4550;4374;4333;4293;4255;4314;4296
Braúnas (MG);5045;5024;5003;4835;4801;4769;4737;4475;4445
Brazópolis (MG);14934;14911;14889;14508;14459;14410;14364;14506;14491
Brumadinho (MG);37857;38373;38863;39520;40103;40666;41208;40777;41090
Bueno Brandăo (MG);11223;11228;11233;11010;11001;10991;10982;11161;11168
Buenópolis (MG);10589;10592;10594;10377;10365;10353;10342;9229;9171
Bugre (MG);4134;4140;4146;4074;3982;3983;3984;4149;4159
Buritis (MG);24351;24524;24689;24663;24841;25013;25179;24693;24779
Buritizeiro (MG);28163;28251;28335;27988;28056;28121;28184;24068;23908
Cabeceira Grande (MG);6861;6901;6940;6909;6949;6988;7025;6797;6811
Cabo Verde (MG);14298;14314;14330;14075;14075;14075;14074;11396;11269
Cachoeira da Prata (MG);3721;3716;3710;3616;3603;3591;3580;3781;3785
Cachoeira de Minas (MG);11567;11607;11646;11514;11547;11579;11609;12248;12302
Cachoeira Dourada (MG);2661;2676;2691;2677;2692;2706;2720;2346;2337
Caetanópolis (MG);11170;11287;11399;11495;11624;11749;11869;11832;11906
Caeté (MG);43739;44066;44377;44377;44718;45047;45364;39850;39775
Caiana (MG);5354;5398;5440;5450;5496;5541;5584;5463;5484
Cajuri (MG);4121;4114;4108;4002;3987;3974;3961;4186;4191
Caldas (MG);14396;14464;14529;14417;14480;14541;14600;14588;14628
Camacho (MG);3109;3086;3064;2934;2901;2869;2839;2867;2851
Camanducaia (MG);21955;22007;22057;21738;21770;21801;21831;27551;27860
Cambuí (MG);28669;28924;29165;29278;29551;29814;30068;30870;31066
Cambuquira (MG);13026;13040;13053;12816;12814;12812;12810;12560;12551
Campanário (MG);3733;3745;3757;3711;3721;3730;3739;2917;2884
Campanha (MG);16431;16532;16627;16565;16665;16762;16855;16334;16372
Campestre (MG);21392;21417;21440;21056;21055;21054;21052;21143;21155
Campina Verde (MG);20022;20052;20079;19738;19745;19752;19759;18250;18188
Campo Azul (MG);3843;3853;3863;3810;3817;3824;3830;3802;3806
Campo Belo (MG);54076;54272;54458;53866;54029;54186;54338;53943;54027
Campo do Meio (MG);11856;11867;11878;11658;11655;11651;11648;11624;11625
Campo Florido (MG);7675;7783;7886;8029;8151;8269;8383;8838;8931
Campos Altos (MG);15186;15289;15387;15356;15461;15563;15661;13136;13076
Campos Gerais (MG);28879;28970;29057;28703;28774;28842;28908;26809;26749
Canaă (MG);4713;4706;4699;4579;4563;4548;4533;4832;4839
Canápolis (MG);12005;12062;12117;12025;12150;12201;12251;10755;10716
Cana Verde (MG);5737;5736;5735;5612;5603;5594;5585;5356;5342
Candeias (MG);15108;15128;15147;14883;14886;14888;14890;14236;14211
Cantagalo (MG);4464;4491;4517;4498;4525;4551;4575;4039;4029
Caparaó (MG);5454;5472;5489;5424;5438;5451;5464;5144;5138
Capela Nova (MG);4825;4815;4805;4673;4653;4634;4616;4416;4397
Capelinha (MG);37330;37606;37867;37856;37784;38057;38321;41536;41858
Capetinga (MG);7185;7168;7152;6952;6920;6890;6860;6652;6627
Capim Branco (MG);9537;9609;9678;9679;9754;9826;9896;11105;11210
Capinópolis (MG);16112;16183;16250;16109;16173;16234;16294;14899;14872
Capităo Andrade (MG);5317;5362;5405;5420;5468;5514;5559;4650;4634
Capităo Enéas (MG);15074;15157;15237;15153;15234;15313;15388;14401;14403
Capitólio (MG);8612;8648;8682;8601;8632;8663;8693;10863;10991
Caputira (MG);9392;9412;9431;9287;9298;9308;9318;9128;9128
Caraí (MG);23571;23679;23781;23586;23685;23780;23872;19654;19511
Caranaíba (MG);3319;3309;3299;3200;3183;3166;3150;2960;2942
Carandaí (MG);25044;25214;25376;25327;25501;25669;25831;24368;24403
Carangola (MG);33463;33513;33559;32988;33000;33011;33022;32165;32134
Caratinga (MG);90782;91342;91841;91503;92062;92603;93124;90687;90890
Carbonita (MG);9507;9526;9544;9396;9405;9414;9423;8633;8603
Careaçu (MG);6684;6721;6757;6721;6757;6792;6826;7029;7062
Carlos Chagas (MG);19971;19857;19750;19007;18837;18674;18516;18852;18783
Carmésia (MG);2600;2615;2629;2617;2632;2646;2660;2682;2693
Carmo da Cachoeira (MG);12302;12326;12350;12158;12170;12182;12193;11776;11767
Carmo da Mata (MG);11475;11518;11559;11439;11476;11511;11546;11279;11291
Carmo de Minas (MG);14645;14736;14822;14769;14859;14947;15031;14114;14125
Carmo do Cajuru (MG);21735;21941;22136;22257;22478;22693;22900;24376;24581
Carmo do Paranaíba (MG);30782;30823;30861;30324;30329;30334;30339;29899;29885
Carmo do Rio Claro (MG);21338;21400;21458;21180;21225;21268;21310;21464;21506
Carmópolis de Minas (MG);18619;18812;18995;19144;19355;19559;19756;18498;18561
Carneirinho (MG);9985;10030;10072;9986;10027;10066;10103;9630;9633
Carrancas (MG);4096;4103;4110;4044;4047;4049;4052;4153;4161
Carvalhópolis (MG);3544;3563;3581;3560;3579;3597;3614;3417;3419
Carvalhos (MG);4633;4625;4617;4495;4478;4461;4445;4507;4503
Casa Grande (MG);2308;2309;2309;2260;2257;2254;2251;2260;2260
Cascalho Rico (MG);3037;3055;3071;3057;3075;3092;3108;2757;2751
Cássia (MG);18014;18036;18057;17739;17740;17740;17741;17495;17491
Conceiçăo da Barra de Minas (MG);4053;4052;4050;3962;3954;3946;3939;3596;3576
Cataguases (MG);74171;74609;75025;74691;75123;75540;75942;67872;67732
Catas Altas (MG);5230;5274;5316;5330;5376;5421;5465;5668;5706
Catas Altas da Noruega (MG);3638;3652;3666;3629;3641;3653;3665;3141;3124
Catuji (MG);6683;6646;6612;6366;6311;6257;6206;7226;7248
Catuti (MG);5174;5163;5151;5008;4986;4965;4944;4805;4788
Caxambu (MG);22231;22219;22208;21703;21656;21610;21566;21436;21412
Cedro do Abaeté (MG);1218;1213;1209;1171;1164;1157;1150;1091;1084
Central de Minas (MG);7072;7092;7112;7017;7032;7046;7059;6243;6213
Centralina (MG);10604;10613;10622;10425;10350;10346;10343;10440;10447
Chácara (MG);3042;3072;3101;3121;3154;3186;3216;3177;3194
Chalé (MG);5817;5820;5823;5709;5704;5699;5695;6261;6289
Chapada do Norte (MG);15657;15666;15675;15368;15356;15345;15334;10024;9763
Chapada Gaúcha (MG);12495;12739;12971;13397;13680;13953;14217;12810;12904
Chiador (MG);2807;2798;2789;2702;2687;2671;2657;2865;2868
Cipotânea (MG);6832;6850;6868;6774;6787;6799;6811;5599;5549
Claraval (MG);4801;4824;4847;4810;4843;4853;4873;4777;4786
Claro dos Poçőes (MG);7862;7840;7819;7590;7551;7514;7478;7259;7230
Cláudio (MG);27827;28063;28287;28366;28617;28859;29093;31665;31936
Coimbra (MG);7480;7520;7559;7517;7556;7594;7631;7285;7293
Coluna (MG);9178;9162;9146;8907;8873;8841;8810;8251;8206
Comendador Gomes (MG);3116;3127;3138;3103;3111;3120;3128;2813;2804
Comercinho (MG);7835;7714;7599;7090;6929;6774;6624;6627;6540
Conceiçăo da Aparecida (MG);10302;10339;10374;10261;10292;10322;10351;10668;10705
Conceiçăo das Pedras (MG);2849;2854;2858;2811;2812;2813;2814;2837;2840
Conceiçăo das Alagoas (MG);26018;26428;26818;27425;27893;28346;28782;29949;30278
Conceiçăo de Ipanema (MG);4627;4636;4644;4570;4574;4578;4581;4503;4503
Conceiçăo do Mato Dentro (MG);18198;18160;18126;17641;17842;17503;17438;24254;24559
Conceiçăo do Pará (MG);5460;5488;5515;5480;5507;5533;5558;5567;5584
Conceiçăo do Rio Verde (MG);13617;13672;13724;13590;13638;13684;13729;12780;12765
Conceiçăo dos Ouros (MG);11262;11367;11467;11525;11638;11748;11852;11183;11218
Cônego Marinho (MG);7564;7611;7624;7595;7642;7686;7730;7420;7433
Confins (MG);6478;6545;6608;6657;6730;6800;6867;7676;7758
Congonhal (MG);11464;11588;11706;11813;11950;12082;12209;11403;11444
Congonhas (MG);52827;53348;53843;54196;54762;55309;55836;54986;55272
Congonhas do Norte (MG);5118;5128;5134;5044;5045;5046;5047;4927;4924
Conquista (MG);6895;6928;6960;6908;6939;6969;6997;6864;6878
Conselheiro Lafaiete (MG);125421;126420;127369;127539;128589;129606;130584;137980;138946
Conselheiro Pena (MG);23141;23192;23240;22892;22921;22949;22975;21113;21052
Consolaçăo (MG);1804;1807;1810;1782;1783;1784;1786;1578;1569
Contagem (MG);648766;653800;658580;659070;663855;668949;673849;649975;651718
Coqueiral (MG);9461;9446;9432;9191;9159;9128;9099;9197;9188
Coraçăo de Jesus (MG);26974;27014;27052;26592;26602;26611;26620;26151;26138
Cordisburgo (MG);8998;9014;9029;8883;8890;8897;8903;7592;7535
Cordislândia (MG);3573;3580;3587;3534;3538;3542;3546;3247;3236
Corinto (MG);24432;24407;24384;23797;23731;23668;23607;23996;23988
Coroaci (MG);10393;10365;10339;10040;9991;9943;9897;11200;11240
Coromandel (MG);28456;28483;28508;27982;27974;27966;27958;30013;30114
Coronel Fabriciano (MG);109363;109857;110326;109405;109855;110290;110709;108551;108708
Coronel Murta (MG);9400;9405;9411;9228;9222;9215;9209;8283;8237
Coronel Pacheco (MG);3110;3117;3125;3080;3086;3090;3095;2799;2789
Coronel Xavier Chaves (MG);3451;3461;3471;3426;3434;3441;3448;3586;3599
Córrego Danta (MG);3391;3374;3359;3241;3215;3191;3168;2978;2956
Córrego do Bom Jesus (MG);3811;3807;3804;3714;3704;3694;3685;4429;4462
Córrego Fundo (MG);6207;6252;6295;6290;6337;6382;6425;6310;6333
Córrego Novo (MG);3032;3000;2970;2814;2771;2728;2688;2912;2900
Couto de Magalhăes de Minas (MG);4412;4428;4444;4396;4410;4423;4436;4346;4351
Crisólita (MG);6525;6579;6631;6646;6704;6760;6814;5296;5256
Cristais (MG);12317;12444;12564;12660;12798;12931;13060;12576;12634
Cristália (MG);6010;6026;6042;5960;5971;5982;5992;5165;5133
Cristiano Otoni (MG);5204;5215;5225;5145;5150;5156;5161;4735;4719
Cristina (MG);10484;10483;10482;10258;10242;10226;10211;10627;10643
Crucilândia (MG);5014;5036;5057;5014;5034;5054;5072;5633;5674
Cruzeiro da Fortaleza (MG);4140;4158;4174;4134;3626;3639;3651;3610;3616
Cruzília (MG);15369;15435;15497;15358;15417;15474;15529;15779;15831
Cuparaque (MG);4947;4972;4995;4960;4982;5005;5026;3994;3958
Curral de Dentro (MG);7491;7559;7623;7656;7729;7799;7867;7630;7662
Curvelo (MG);78900;79401;79878;79625;80129;80616;81085;83862;84297
Datas (MG);5441;5457;5471;5399;5410;5421;5431;5618;5635
Delfim Moreira (MG);8201;8203;8205;8035;8025;8016;8007;8130;8133
Delfinópolis (MG);7143;7165;7186;7098;7114;7131;7146;8760;8851
Delta (MG);9499;9707;9904;10291;10533;10768;10994;11003;11143
Descoberto (MG);5010;5029;5047;4996;5013;5029;5044;5058;5070
Desterro de Entre Rios (MG);7298;7317;7334;7232;7243;7255;7266;7900;7941
Desterro do Melo (MG);3036;3026;3015;2919;2901;2884;2867;3059;3060
Diamantina (MG);47952;48095;48230;47617;47723;47825;47924;49353;49493
Diogo de Vasconcelos (MG);3923;3918;3913;3814;3802;3790;3779;3596;3581
Dionísio (MG);8463;8373;8287;7852;7729;7609;7493;6789;6689
Divinésia (MG);3437;3446;3455;3411;3417;3424;3430;4426;4481
Divino (MG);20012;20074;20133;19884;19931;19976;20020;21329;21428
Divino das Laranjeiras (MG);5082;5084;5086;4984;4979;4974;4969;4186;4147
Divinolândia de Minas (MG);7472;7517;7559;7527;7571;7614;7655;6607;6583
Divinópolis (MG);230848;232945;234937;235977;238230;240408;242505;242328;243583
Divisa Alegre (MG);6478;6553;6625;6702;6786;6868;6946;6513;6541
Divisa Nova (MG);6031;6050;6068;5996;6011;6025;6039;5993;6002
Divisópolis (MG);10209;10382;10547;10820;11019;11211;11396;10585;10659
Dom Bosco (MG);3844;3830;3818;3699;3677;3655;3635;3767;3763
Dom Cavati (MG);5274;5260;5247;5097;5072;5048;5025;4981;4967
Dom Joaquim (MG);4616;4609;4602;4482;4195;4451;4436;5051;5074
Dom Silvério (MG);5348;5349;5351;5243;5237;5232;5227;5350;5355
Dom Viçoso (MG);3073;3073;3072;3007;3001;2997;2992;3176;3184
Dona Euzébia (MG);6435;6483;6527;6523;6572;6619;6664;6241;6250
Dores de Campos (MG);9956;10026;10093;10081;10153;10223;10291;10313;10359
Dores de Guanhăes (MG);5328;5322;5316;5185;5169;5154;5139;5121;5114
Dores do Indaiá (MG);13983;13952;13923;13541;13483;13427;13373;12786;12730
Dores do Turvo (MG);4474;4455;4437;4289;4259;4230;4202;5159;5192
Doresópolis (MG);1519;1526;1533;1521;1527;1533;1539;1496;1498
Douradoquara (MG);1920;1925;1930;1905;1908;1912;1915;1869;1869
Durandé (MG);7818;7852;7884;7811;7841;7870;7898;8038;8065
Elói Mendes (MG);27268;27505;27730;27823;28076;28320;28556;27343;27429
Engenheiro Caldas (MG);10962;11032;11098;11064;11134;11202;11268;14308;14501
Engenheiro Navarro (MG);7362;7369;7377;7244;7242;7241;7240;6411;6373
Entre Folhas (MG);5385;5397;5443;5362;5370;5377;5383;5293;5295
Entre Rios de Minas (MG);15124;15210;15292;15214;15298;15380;15458;15120;15157
Ervália (MG);18868;18944;19015;18829;18895;18958;19019;20951;21091
Esmeraldas (MG);67208;68133;69010;70200;70552;71551;72512;91573;93103
Espera Feliz (MG);24469;24641;24805;24773;24951;25122;25287;24761;24844
Espinosa (MG);32151;32183;32214;31624;31617;31610;31603;31385;31375
Espírito Santo do Dourado (MG);4670;4692;4712;4673;4692;4710;4728;7007;7132
Estiva (MG);11371;11411;11449;11321;11354;11386;11416;11836;11880
Estrela Dalva (MG);2471;2459;2448;2361;2343;2325;2308;2204;2189
Estrela do Indaiá (MG);3596;3593;3590;3508;3500;3491;3483;2750;2711
Estrela do Sul (MG);7897;7940;7981;7936;7978;8018;8057;6926;6897
Eugenópolis (MG);11169;11229;11285;11218;11275;11330;11383;11075;11096
Ewbank da Câmara (MG);3927;3940;3952;3904;3913;3923;3932;3977;3986
Extrema (MG);33082;33729;34344;35474;36225;36951;37649;57913;59336
Fama (MG);2423;2424;2426;2379;2377;2376;2374;2662;2676
Faria Lemos (MG);3396;3383;3371;3262;3241;3221;3202;3239;3230
Felício dos Santos (MG);5081;5046;5012;4804;4753;4704;4656;5248;5251
Săo Gonçalo do Rio Preto (MG);3189;3197;3205;3161;3167;3173;3178;3098;3099
Felisburgo (MG);7338;7386;7431;7409;7457;7504;7548;6592;6575
Felixlândia (MG);15078;15178;15273;15235;15336;15433;15528;14279;14280
Fernandes Tourinho (MG);3304;3337;3369;3394;3431;3466;3500;2825;2814
Ferros (MG);10611;10519;10432;9949;9820;9696;9576;9666;9603
Fervedouro (MG);10936;10989;11039;10957;11006;11054;11100;10693;10705
Florestal (MG);7209;7278;7343;7386;7461;7533;7602;8386;8469
Formiga (MG);68040;68236;68423;67540;67683;67822;67956;70668;70897
Formoso (MG);9067;9184;9294;9431;9562;9688;9810;8103;8095
Fortaleza de Minas (MG);4357;4382;4407;4387;4412;4437;4460;3485;3453
Fortuna de Minas (MG);2893;2913;2932;2927;2947;2967;2986;3207;3230
Francisco Badaró (MG);10550;10553;10557;10343;10332;10321;10311;7208;7053
Francisco Dumont (MG);5160;5188;5215;5187;5215;5242;5268;4564;4547
Francisco Sá (MG);26217;26325;26428;26181;26277;26369;26459;23819;23753
Franciscópolis (MG);5745;5708;5672;5446;5391;5338;5287;5062;5023
Frei Gaspar (MG);6028;6026;6024;5891;5880;5869;5858;5741;5731
Frei Inocęncio (MG);9487;9543;9597;9555;9611;9664;9716;8334;8301
Frei Lagonegro (MG);3487;3498;3510;3469;3478;3487;3496;3475;3481
Fronteira (MG);16399;16744;17072;17701;18103;18492;18866;14909;14946
Fronteira dos Vales (MG);4754;4743;4733;4601;4581;4561;4542;4405;4389
Fruta de Leite (MG);5809;5758;5709;5441;5369;5299;5232;4607;4538
Frutal (MG);57795;58295;58770;58962;59496;60012;60508;60942;61275
Funilândia (MG);4196;4237;4277;4304;4349;4392;4434;4886;4934
Galiléia (MG);7061;7047;7034;6844;6817;6790;6764;6281;6244
Gameleiras (MG);5255;5250;5246;5122;5109;5096;5084;4863;4847
Glaucilândia (MG);3130;3145;3160;3136;3150;3164;3177;2991;2991
Goiabeira (MG);3279;3304;3328;3328;3353;3378;3402;2869;2859
Goianá (MG);3903;3928;3952;3940;3966;3990;4014;4190;4214
Gonçalves (MG);4391;4401;4410;4345;4350;4355;4360;4891;4922
Gonzaga (MG);6188;6206;6223;6145;6158;6171;6184;5271;5235
Gouveia (MG);12048;12056;12064;11833;11825;11818;11811;11549;11536
Governador Valadares (MG);278363;279665;280901;278685;279885;281046;282164;266649;266561
Grăo Mogol (MG);15805;15870;15931;15779;15836;15890;15943;14091;14037
Grupiara (MG);1416;1417;1418;1389;1388;1387;1386;1426;1428
Guanhăes (MG);33562;33815;34054;34057;34319;34573;34818;33434;33517
Guapé (MG);14407;14435;14460;14233;14245;14258;14269;14073;14076
Guaraciaba (MG);10532;10537;10542;10333;10324;10315;10307;9921;9901
Guaraciama (MG);4962;4982;5001;4954;4972;4989;5005;5203;5224
Guaranésia (MG);19340;19360;19378;19025;19021;19017;19014;19611;19646
Guarani (MG);9014;9031;9047;8903;8911;8918;8926;7780;7731
Guarará (MG);3963;3951;3938;3818;3796;3775;3755;3132;3091
Guarda-Mor (MG);6738;6737;6736;6591;6580;6569;6558;6684;6687
Guaxupé (MG);51911;52108;52294;51750;51917;52078;52234;52621;52744
Guidoval (MG);7327;7313;7300;7105;7078;7051;7026;7284;7285
Guimarânia (MG);7831;7895;7956;7971;8039;8105;8168;8808;8880
Guiricema (MG);8773;8743;8714;8442;8392;8343;8296;7850;7803
Gurinhată (MG);6047;6002;5959;5704;5639;5577;5516;5203;5154
Heliodora (MG);6492;6528;6561;6524;6558;6591;6623;6274;6278
Iapu (MG);10870;10917;10962;10867;11004;11045;11085;12486;12583
Ibertioga (MG);5156;5153;5150;5033;5021;5010;4999;5334;5346
Ibiá (MG);24784;24946;25100;25035;25199;25358;25511;22596;22554
Ibiaí (MG);8312;8357;8400;8351;8395;8437;8478;6254;6172
Ibiracatu (MG);6206;6185;6165;5975;5400;5369;5340;5139;5113
Ibiraci (MG);13305;13444;13575;13687;13828;13986;14128;11057;10996
Ibirité (MG);173873;175721;177475;179015;180204;182153;184030;178713;179582
Ibitiúra de Minas (MG);3520;3528;3536;3483;3488;3492;3497;3439;3440
Ibituruna (MG);3000;3009;3018;2982;2989;2996;3003;2740;2733
Icaraí de Minas (MG);11633;11736;11835;11879;11990;12097;12200;10912;10914
Igarapé (MG);39774;40468;41127;42246;43045;43817;44561;48475;49120
Igaratinga (MG);10286;10420;10547;10709;10860;11005;11146;11252;11345
Iguatama (MG);8192;8182;8172;7971;7947;7923;7901;6845;6782
Ijaci (MG);6348;6406;6460;6488;6550;6610;6667;7291;7358
Ilicínea (MG);12217;12289;12358;12303;12375;12444;12511;13171;13248
Imbé de Minas (MG);6823;6862;6899;6865;6903;6940;6976;7208;7244
Inconfidentes (MG);7290;7324;7356;7297;7328;7358;7387;7510;7537
Indaiabira (MG);7526;7525;7524;7363;7351;7339;7328;6379;6328
Indianópolis (MG);6693;6751;6806;6829;6891;6951;7009;6309;6311
Ingaí (MG);2764;2775;2785;2757;2767;2776;2785;2633;2632
Inhapim (MG);24835;24813;24792;24204;24140;24079;24020;23000;22925
Inhaúma (MG);6158;6200;6240;6228;6271;6312;6352;6435;6465
Inimutaba (MG);7397;7445;7489;7467;7515;7560;7605;7587;7615
Ipaba (MG);18068;18225;18375;18438;18607;18769;18926;17554;17587
Ipanema (MG);19464;19603;19736;19717;19861;20000;20133;20095;20181
Ipatinga (MG);257345;259324;261203;261344;263410;265409;267333;235445;235311
Ipiaçu (MG);4269;4277;4285;4217;4221;4225;4229;3823;3807
Ipuiúna (MG);10038;10082;10125;10039;10079;10118;10156;9299;9283
Iraí de Minas (MG);6886;6929;6969;6944;6987;7027;7067;7423;7467
Itabira (MG);117634;118481;119285;119186;120060;120904;121717;117747;118053
Itabirinha (MG);11367;11434;11498;11446;11512;11576;11637;10560;10548
Itabirito (MG);49768;50305;50816;51281;51875;52446;52996;55877;56369
Itacambira (MG);5310;5343;5374;5353;5385;5417;5447;4265;4227
Itacarambi (MG);18383;18414;18443;18142;18153;18164;18175;17521;17502
Itaguara (MG);13172;13253;13329;13278;13358;13435;13510;14325;14415
Itaipé (MG);12572;12651;12725;12681;12760;12836;12910;10549;10482
Itajubá (MG);96020;96523;97000;96389;96869;97334;97782;96632;96855
Itamarandiba (MG);34253;34462;34661;34527;34735;34936;35130;34137;34210
Itamarati de Minas (MG);4318;4340;4362;4333;4355;4375;4395;3730;3710
Itambacuri (MG);23585;23612;23637;23212;23211;23209;23207;21296;21210
Itambé do Mato Dentro (MG);2242;2224;2207;2107;2081;2056;2032;2175;2168
Itamogi (MG);10535;10517;10501;10229;10192;10157;10122;11062;11092
Itamonte (MG);15136;15267;15391;15440;15579;15714;15844;15193;15245
Itanhandu (MG);15105;15200;15290;15236;15331;15423;15511;15684;15751
Itanhomi (MG);12340;12368;12394;12212;12228;12244;12259;11298;11264
Itaobim (MG);21564;21562;21559;21096;21062;21029;20997;19354;19263
Itapagipe (MG);14784;14916;15041;15102;15243;15379;15511;14004;14014
Itapecerica (MG);22109;22134;22158;21763;21762;21761;21760;21462;21456
Itapeva (MG);9436;9529;9618;9682;9783;9881;9976;13332;13561
Itatiaiuçu (MG);10781;10882;10979;11037;11146;11252;11354;13603;13779
Itaú de Minas (MG);15897;15992;16082;16014;16108;16199;16286;14655;14634
Itaúna (MG);91453;92091;92696;92561;93214;93847;94455;102500;103272
Itaverava (MG);5758;5723;5690;5470;5419;5369;5321;5752;5747
Itinga (MG);15059;15104;15147;14956;14990;15022;15053;13982;13954
Itueta (MG);6087;6104;6120;6039;6051;6063;6074;6218;6234
Ituiutaba (MG);103333;103945;104526;104067;104671;105255;105818;106397;106775
Itumirim (MG);6237;6225;6213;6048;6023;6000;5978;6845;6876
Iturama (MG);37700;38102;38484;38822;39263;39690;40101;40011;40259
Itutinga (MG);3950;3938;3926;3809;3788;3768;3749;4347;4366
Jaboticatubas (MG);19052;19305;19545;19858;20143;20418;20683;21214;21407
Jacinto (MG);12537;12549;12561;12329;12326;12323;12320;11169;11115
Jacuí (MG);7783;7797;7809;7681;7686;7691;7695;7663;7668
Jacutinga (MG);24930;25199;25453;25684;25979;26264;26538;26705;26888
Jaguaraçu (MG);3136;3147;3158;3124;3133;3142;3151;3173;3181
Jaíba (MG);37054;37516;37939;38413;38909;39388;39850;39379;39639
Jampruca (MG);5361;5389;5414;5378;5404;5429;5453;4306;4266
Janaúba (MG);70886;71279;71653;71265;71648;72018;72374;73281;73555
Januária (MG);68247;68420;68584;67628;67742;67852;67958;67087;67123
Japaraíba (MG);4241;4275;4308;4314;4350;4384;4418;4672;4706
Japonvar (MG);8643;8664;8683;8556;7969;7982;7991;8357;8385
Jeceaba (MG);5294;5250;5209;4973;4912;4852;4795;6428;6476
Jenipapo de Minas (MG);7580;7627;7672;7645;7692;7738;7781;6124;6072
Jequeri (MG);12946;12901;12859;12460;12386;12315;12246;12652;12636
Jequitaí (MG);7975;7932;7890;7597;7531;7468;7407;6460;6379
Jequitibá (MG);5313;5316;5319;5215;5211;5207;5203;6098;6142
Jequitinhonha (MG);25365;25465;25560;25305;25391;25474;25555;24509;24516
Jesuânia (MG);4899;4899;4898;4795;4787;4780;4774;5296;5320
Joaíma (MG);15562;15599;15634;15410;15432;15455;15476;14084;14035
Joanésia (MG);5143;5067;4996;4674;4573;4476;4382;4304;4246
Joăo Monlevade (MG);78583;79100;79590;79387;79910;80416;80903;83360;83791
Joăo Pinheiro (MG);48179;48472;48751;48561;47452;47726;47990;48532;48725
Joaquim Felício (MG);4607;4639;4669;4662;4695;4727;4757;3891;3868
Jordânia (MG);10826;10865;10901;10780;10812;10842;10872;10536;10541
José Gonçalves de Minas (MG);4643;4637;4631;4516;4501;4487;4474;3993;3963
José Raydan (MG);4793;4845;4894;4938;4995;5050;5104;4352;4349
Josenópolis (MG);4830;4854;4877;4844;4867;4889;4911;3607;3557
Nova Uniăo (MG);5779;5792;5804;5718;5725;5732;5739;6083;6107
Juatuba (MG);25087;25490;25874;26484;26946;27392;27823;32726;33249
Juiz de Fora (MG);555284;559636;563769;564310;568873;573285;577532;565764;567730
Juramento (MG);4325;4342;4358;4316;4331;4345;4359;3815;3798
Juruaia (MG);10125;10235;10341;10441;10563;10681;10795;11543;11652
Juvenília (MG);5861;5861;5860;5733;5724;5715;5706;5929;5937
Ladainha (MG);17976;18066;18152;18026;18111;18193;18272;14399;14263
Lagamar (MG);7799;7797;7795;7627;7613;7600;7588;6672;6622
Lagoa da Prata (MG);50197;50714;51204;51601;52165;52711;53236;53583;53927
Lagoa dos Patos (MG);4272;4260;4248;4124;4102;4082;4062;3285;3237
Lagoa Dourada (MG);12938;12999;13056;12953;13009;13063;13115;13116;13152
Lagoa Formosa (MG);18037;18107;18175;17991;18052;18111;18168;19507;19614
Lagoa Grande (MG);9294;9369;9440;9454;9532;9608;9681;9210;9235
Lagoa Santa (MG);59770;60787;61752;63359;64527;65657;66744;79981;81299
Lajinha (MG);20262;20282;20301;19928;19923;19918;19914;21422;21502
Lambari (MG);20671;20773;20870;20719;20814;20907;20995;20950;21010
Lamim (MG);3511;3504;3498;3404;3391;3379;3366;3226;3213
Laranjal (MG);6799;6826;6852;6786;6810;6833;6856;6042;6018
Lassance (MG);6663;6663;6664;6522;6512;6503;6494;7358;7398
Lavras (MG);100243;101208;102124;102728;103773;104783;105756;109884;110682
Leandro Ferreira (MG);3298;3299;3300;3233;3229;3226;3222;3270;3272
Leme do Prado (MG);4983;4991;4998;4915;4918;4920;4923;4387;4364
Leopoldina (MG);53145;53252;53354;52532;52587;52640;52690;52696;52739
Liberdade (MG);5346;5320;5296;5109;5069;5031;4994;4775;4744
Lima Duarte (MG);16829;16871;16910;16671;16698;16724;16749;17712;17782
Limeira do Oeste (MG);7383;7436;7487;7481;7536;7589;7640;9087;9191
Lontra (MG);8938;8992;9044;9008;9661;9714;9766;8968;8963
Luisburgo (MG);6408;6408;6409;6275;6266;6258;6249;7195;7239
Luislândia (MG);6710;6733;6756;6680;6699;6718;6735;6329;6323
Luminárias (MG);5571;5571;5572;5454;5446;5438;5431;5731;5744
Luz (MG);18290;18347;18400;18172;18215;18257;18297;18304;18336
Machacalis (MG);7219;7228;7237;7110;7111;7111;7112;6579;6556
Machado (MG);41368;41651;41920;41844;42133;42413;42682;38831;38809
Madre de Deus de Minas (MG);5124;5139;5153;5087;5098;5109;5119;5341;5360
Malacacheta (MG);19191;19173;19157;18700;18650;18602;18556;17751;17691
Mamonas (MG);6591;6608;6624;6532;6543;6554;6565;6096;6082
Manga (MG);19622;19494;19372;18594;18407;18226;18051;19188;19148
Manhuaçu (MG);86844;87735;88580;89256;90229;91169;92074;96545;97328
Manhumirim (MG);22577;22683;22784;22608;22707;22802;22894;20970;20939
Mantena (MG);28061;28097;28132;27640;27644;27647;27651;27358;27350
Maravilhas (MG);7744;7812;7876;7904;7976;8046;8113;7518;7532
Mar de Espanha (MG);12572;12660;12743;12725;12814;12901;12985;13119;13180
Maria da Fé (MG);14518;14502;14488;14136;14095;14056;14019;14557;14567
Mariana (MG);58802;59343;59857;60142;60724;61288;61830;64058;64506
Marilac (MG);4275;4264;4254;4134;4115;4097;4079;4320;4323
Mário Campos (MG);14624;14811;14988;15207;15416;15619;15814;16546;16705
Maripá de Minas (MG);2950;2965;2979;2959;2973;2987;3000;3532;3567
Marliéria (MG);4127;4128;4129;4044;4039;4034;4030;4761;4796
Marmelópolis (MG);2938;2918;2900;2784;2755;2728;2701;3299;3314
Martinho Campos (MG);13314;13376;13436;13330;13388;13443;13497;14461;14546
Martins Soares (MG);7968;8073;8172;8299;8417;8531;8640;8725;8797
Mata Verde (MG);8425;8483;8539;8526;8586;8644;8700;9458;9532
Materlândia (MG);4645;4631;4619;4482;4459;4436;4415;3982;3949
Mateus Leme (MG);30155;30423;30678;30798;31086;31364;31631;40239;40814
Matias Barbosa (MG);14285;14369;14449;14385;14468;14548;14626;14501;14547
Matias Cardoso (MG);10822;10905;10999;11050;11157;11260;11360;8975;8922
Matipó (MG);18713;18816;18914;18808;18908;19005;19098;19054;19115
Mato Verde (MG);12895;12871;12849;12508;12459;12412;12367;12238;12210
Matozinhos (MG);36719;37040;37344;37473;37820;38151;38469;39291;39529
Matutina (MG);3851;3849;3846;3758;3749;3741;3733;3907;3912
Medeiros (MG);3707;3737;3765;3771;3802;3832;3861;4040;4068
Medina (MG);21459;21433;21409;20882;20820;20759;20701;20492;20455
Mendes Pimentel (MG);6549;6557;6564;6446;6446;6446;6446;5651;5614
Mercęs (MG);10813;10842;10868;10720;10739;10758;10775;10609;10615
Mesquita (MG);5993;5951;5911;5666;5605;5546;5489;5038;4984
Minas Novas (MG);31915;31963;32009;31471;31484;31497;31509;24191;23843
Minduri (MG);3964;3967;3970;3896;3894;3893;3891;3815;3811
Mirabela (MG);13643;13685;13726;13557;13589;13620;13651;14029;14071
Miradouro (MG);10759;10799;10837;10721;10754;10787;10818;9026;8961
Miraí (MG);14753;14852;14946;14913;15014;15111;15205;13922;13921
Miravânia (MG);4832;4859;4885;4861;4888;4914;4939;4011;3982
Moeda (MG);4922;4940;4957;4904;4919;4934;4948;5291;5314
Moema (MG);7448;7487;7525;7479;7517;7554;7589;7778;7812
Monjolos (MG);2352;2339;2327;2240;2220;2202;2184;2196;2187
Monsenhor Paulo (MG);8628;8671;8711;8648;8688;8727;8764;8550;8565
Montalvânia (MG);15779;15689;15603;15012;14877;14747;14621;14160;14068
Monte Alegre de Minas (MG);20856;20979;21095;20999;21120;21236;21349;20666;20708
Monte Azul (MG);21990;21884;21783;21017;20854;20696;20544;20577;20497
Monte Belo (MG);13444;13449;13453;13180;13166;13152;13139;13340;13347
Monte Carmelo (MG);47937;48096;48248;47682;47809;47931;48049;49354;49500
Monte Formoso (MG);4897;4917;4936;4889;4906;4923;4939;4449;4437
Monte Santo de Minas (MG);21915;21932;21949;21534;21524;21513;21504;21301;21294
Montes Claros (MG);394350;398288;402027;404804;409341;413487;417478;434321;437601
Monte Siăo (MG);23022;23238;23444;23569;23803;24029;24247;24933;25107
Montezuma (MG);8041;8106;8168;8180;8249;8315;8379;6979;6951
Morada Nova de Minas (MG);8764;8813;8860;8815;8863;8910;8955;9364;9414
Morro da Garça (MG);2630;2612;2595;2488;2462;2437;2413;2438;2426
Morro do Pilar (MG);3378;3358;3339;3211;3182;3153;3126;3174;3161
Munhoz (MG);6304;6282;6261;6065;6029;5994;5960;7857;7930
Muriaé (MG);107263;107916;108537;108113;108763;109392;109997;108161;108447
Mutum (MG);27494;27512;27528;26997;26979;26961;26945;28670;28749
Muzambinho (MG);21017;21021;21026;20594;20569;20545;20522;22527;22620
Nacip Raydan (MG);3266;3270;3274;3219;3220;3220;3221;2437;2400
Nanuque (MG);41829;41808;41787;40839;40750;40665;40583;35554;35263
Naque (MG);6824;6878;6930;6939;6996;7051;7104;6442;6443
Natalândia (MG);3379;3381;3382;3314;3311;3308;3306;3626;3642
Natércia (MG);4812;4816;4820;4731;4730;4728;4727;4800;4805
Nazareno (MG);8478;8532;8583;8555;8608;8660;8710;8390;8407
Nepomuceno (MG);26897;26977;27053;26709;26769;26826;26882;25774;25757
Ninheira (MG);10301;10339;10375;10263;10295;10326;10355;10915;10965
Nova Belém (MG);3559;3511;3465;3255;3190;3128;3067;3156;3126
Nova Era (MG);17998;17996;17994;17607;17578;17551;17524;17807;17813
Nova Lima (MG);89900;91069;92178;93577;94889;96157;97378;119142;120959
Nova Módica (MG);3792;3774;3757;3627;3600;3573;3548;3731;3726
Nova Ponte (MG);14484;14715;14934;15280;15545;15800;16046;15113;15220
Nova Porteirinha (MG);7636;7642;7648;7504;7500;7497;7493;6780;6746
Nova Resende (MG);16429;16540;16645;16610;16723;16832;16937;16854;16919
Nova Serrana (MG);89859;92332;94681;99770;102693;105520;108241;112910;114791
Novo Cruzeiro (MG);31803;31844;31884;31326;31331;31335;31339;27453;27268
Novo Oriente de Minas (MG);10807;10839;10869;10731;10755;10778;10800;10501;10503
Novorizonte (MG);5255;5282;5308;5273;5299;5324;5348;4630;4612
Olaria (MG);1913;1893;1873;1775;1747;1720;1694;1986;1986
Olhos-d'Água (MG);5808;5878;5943;6018;6096;6171;6243;5520;5530
Olímpio Noronha (MG);2722;2743;2763;2765;2787;2809;2829;2616;2618
Oliveira (MG);41562;41739;41907;41529;41687;41840;41987;40552;40576
Oliveira Fortes (MG);2182;2182;2182;2136;2133;2130;2128;2062;2058
Onça de Pitangui (MG);3179;3186;3192;3144;3148;3152;3155;3027;3024
Oratórios (MG);4686;4698;4710;4647;4655;4663;4671;5076;5102
Orizânia (MG);7831;7891;7949;7954;8018;8079;8138;8759;8828
Ouro Branco (MG);38249;38601;38935;39121;39500;39867;40220;40411;40638
Ouro Fino (MG);33390;33557;33716;33481;33639;33791;33938;33227;33285
Ouro Preto (MG);74036;74356;74659;73994;74281;74558;74824;77601;77914
Ouro Verde de Minas (MG);6128;6118;6110;5954;5934;5914;5895;5858;5847
Padre Carvalho (MG);6250;6295;6338;6332;6378;6423;6466;5085;5045
Padre Paraíso (MG);19971;20076;20177;20052;20154;20252;20346;17537;17463
Paineiras (MG);4677;4663;4650;4510;4486;4462;4440;4273;4253
Pains (MG);8351;8371;8391;8270;8283;8296;8308;8341;8353
Pai Pedro (MG);6162;6173;6184;6084;6089;6094;6098;5634;5616
Paiva (MG);1583;1580;1577;1535;1529;1523;1517;1498;1495
Palma (MG);6746;6750;6753;6621;6616;6611;6606;5742;5699
Palmópolis (MG);6405;6280;6161;5671;5507;5349;5196;6373;6342
Papagaios (MG);15274;15398;15516;15543;15674;15800;15922;14207;14202
Paracatu (MG);91027;91724;92386;92430;93158;93862;94539;98397;99005
Pará de Minas (MG);91158;91969;92739;93101;93969;94808;95616;102033;102844
Paraguaçu (MG);21384;21486;21583;21418;21513;21605;21693;22357;22452
Paraisópolis (MG);20710;20850;20983;20940;21083;21221;21353;21005;21076
Paraopeba (MG);24110;24273;24427;24375;24540;24700;24854;24800;24899
Passabém (MG);1753;1742;1732;1664;1649;1633;1619;1617;1609
Passa Quatro (MG);16353;16413;16470;16294;16344;16393;16439;15842;15847
Passa Tempo (MG);8349;8336;8324;8112;8084;8057;8031;8696;8716
Passa Vinte (MG);2112;2108;2104;2048;2039;2031;2024;2301;2311
Passos (MG);113122;113807;114458;113998;114679;115337;115970;116530;116951
Patis (MG);5914;5946;5976;5942;5972;6002;6031;4863;4825
Patos de Minas (MG);148762;149856;150893;150833;152488;153585;154641;167870;169173
Patrocínio (MG);88648;89333;89983;90041;90757;91449;92116;93852;94357
Patrocínio do Muriaé (MG);5617;5649;5680;5652;5684;5715;5744;5735;5754
Paula Cândido (MG);9654;9676;9698;9557;9571;9584;9597;8786;8757
Paulistas (MG);5000;4990;4982;4849;4830;4812;4794;4429;4402
Pavăo (MG);8739;8724;8709;8481;8450;8419;8390;8168;8143
Peçanha (MG);17836;17854;17871;17545;17541;17537;17534;17843;17863
Pedra Azul (MG);24683;24717;24748;24319;24324;24329;24333;24999;25045
Pedra Bonita (MG);7051;7085;7117;7065;7097;7128;7157;7559;7599
Pedra do Anta (MG);3339;3304;3270;3100;3052;3005;2960;3371;3366
Pedra do Indaiá (MG);4021;4028;4034;3969;3972;3974;3977;4232;4247
Pedra Dourada (MG);2401;2427;2452;2475;2504;2532;2559;2883;2916
Pedralva (MG);11623;11596;11570;11246;11195;11146;11098;10924;10891
Pedras de Maria da Cruz (MG);11193;11297;11396;11453;12107;12212;12313;10619;10601
Pedrinópolis (MG);3650;3661;3672;3626;3635;3643;3651;3404;3398
Pedro Leopoldo (MG);62951;63406;63837;63789;64258;64712;65149;64910;65174
Pedro Teixeira (MG);1841;1842;1843;1808;1807;1806;1804;1854;1857
Pequeri (MG);3323;3335;3347;3310;3320;3330;3340;3448;3461
Pequi (MG);4342;4369;4395;4379;4406;4432;4457;4258;4265
Perdigăo (MG);10416;10637;10846;11249;11506;11755;11994;12925;13118
Perdizes (MG);15639;15785;15925;16009;16168;16321;16469;17830;17992
Perdőes (MG);21239;21344;21444;21291;21390;21485;21577;21991;22075
Periquito (MG);7103;7081;7060;6847;6810;6773;6738;6647;6624
Pescador (MG);4293;4302;4311;4246;4252;4256;4261;3587;3559
Piau (MG);2868;2859;2850;2763;2748;2733;2719;2854;2854
Piedade de Caratinga (MG);8008;8130;8247;8426;8566;8702;8832;8883;8966
Piedade de Ponte Nova (MG);4203;4208;4213;4140;4140;4140;4141;4056;4054
Piedade do Rio Grande (MG);4723;4703;4684;4528;4497;4466;4436;4697;4694
Piedade dos Gerais (MG);4927;4954;4981;4955;4982;5009;5034;5175;5199
Pimenta (MG);8655;8688;8720;8631;8660;8688;8715;8794;8817
Pingo-d'Água (MG);4789;4832;4873;4894;4941;4986;5029;4845;4864
Pintópolis (MG);7540;7563;7585;7490;7507;7524;7540;7231;7228
Piracema (MG);6570;6568;6566;6421;6409;6398;6386;6884;6905
Pirajuba (MG);5534;5665;5790;6044;6199;6348;6491;5762;5814
Piranga (MG);17864;17892;17918;17618;17626;17634;17641;17360;17358
Piranguçu (MG);5475;5495;5514;5455;5472;5488;5504;6271;6320
Piranguinho (MG);8505;8553;8597;8550;8596;8640;8683;9451;9518
Pirapetinga (MG);10818;10848;10876;10731;10752;10772;10791;11408;11454
Pirapora (MG);56229;56474;56706;56208;56428;56640;56845;57543;57713
Piraúba (MG);11101;11090;11080;10816;10787;10759;10732;11958;12006
Pitangui (MG);27273;27495;27706;27755;27989;28215;28433;27734;27834
Piumhi (MG);34075;34306;34525;34456;34691;34918;35137;37742;38007
Planura (MG);11509;11656;11796;11968;12133;12292;12445;11484;11533
Poço Fundo (MG);16775;16841;16903;16734;16791;16846;16900;16791;16824
Poços de Caldas (MG);163677;164912;166085;166111;167397;168641;169838;171533;172339
Pocrane (MG);8940;8889;8841;8508;8432;8359;8288;8468;8438
Pompéu (MG);31178;31401;31612;31583;31812;32035;32248;32305;32441
Ponte Nova (MG);60005;60188;60361;59605;59742;59875;60003;59569;59638
Ponto Chique (MG);4212;4236;4259;4237;4261;4283;4305;3807;3797
Ponto dos Volantes (MG);12016;12078;12138;12061;12121;12179;12235;11077;11059
Porteirinha (MG);38720;38730;38741;37950;37906;37864;37823;38668;38692
Porto Firme (MG);11107;11178;11245;11208;11279;11348;11414;10825;10840
Poté (MG);16502;16573;16641;16491;16555;16616;16675;13751;13649
Pouso Alegre (MG);143846;145535;147137;148862;150737;152549;154293;160751;162133
Pouso Alto (MG);6236;6210;6185;5981;5940;5900;5862;6755;6779
Prados (MG);8919;8972;9021;8979;9031;9080;9128;9327;9369
Prata (MG);27469;27637;27796;27688;27856;28017;28173;29578;29745
Pratápolis (MG);8930;8910;8890;8642;8603;8566;8530;8551;8534
Pratinha (MG);3515;3543;3569;3573;3603;3631;3658;3673;3691
Presidente Bernardes (MG);5594;5578;5562;5398;5369;5341;5315;4883;4847
Presidente Juscelino (MG);3875;3851;3827;3676;3641;3606;3572;3493;3471
Presidente Kubitschek (MG);3056;3059;3061;3004;3002;3001;3000;3154;3162
Presidente Olegário (MG);19469;19536;19599;19377;19573;19627;19680;19177;19192
Alto Jequitibá (MG);8528;8525;8522;8333;8317;8301;8286;8596;8606
Prudente de Morais (MG);10388;10485;10577;10629;10733;10834;10931;11940;12052
Quartel Geral (MG);3516;3537;3557;3542;3563;3584;3603;3237;3232
Queluzito (MG);1947;1953;1958;1934;1939;1943;1948;1800;1796
Raposos (MG);16230;16312;16390;16277;16354;16429;16501;16735;16796
Raul Soares (MG);24394;24381;24368;23814;23762;23711;23663;23882;23874
Recreio (MG);10667;10682;10697;10514;10517;10520;10522;11337;11383
Reduto (MG);7023;7071;7117;7105;7154;7201;7247;8170;8246
Resende Costa (MG);11478;11525;11569;11459;11500;11540;11578;11520;11544
Resplendor (MG);17675;17695;17715;17398;17397;17396;17396;17612;17629
Ressaquinha (MG);4834;4848;4861;4798;4808;4817;4826;4641;4640
Riachinho (MG);8274;8283;8290;8138;8136;8134;8132;6890;6830
Riacho dos Machados (MG);9658;9665;9672;9487;9481;9476;9471;8886;8858
Ribeirăo das Neves (MG);322659;325846;328871;331045;334858;338197;341415;344828;346971
Ribeirăo Vermelho (MG);4026;4042;4058;4019;4033;4047;4061;4201;4217
Rio Acima (MG);9924;10026;10123;10203;10312;10420;10524;10626;10698
Rio Casca (MG);14247;14187;14130;13659;13564;13473;13384;12921;12851
Rio Doce (MG);2600;2611;2623;2599;2610;2620;2630;2542;2545
Rio do Prado (MG);5316;5309;5302;5167;5150;5133;5117;4679;4649
Rio Espera (MG);5929;5876;5825;5549;5474;5402;5332;5479;5447
Rio Manso (MG);5684;5730;5774;5783;5832;5879;5924;5727;5746
Rio Novo (MG);9050;9067;9084;8941;8949;8957;8964;8689;8683
Rio Paranaíba (MG);12398;12431;12462;12291;12313;12335;12356;15143;15297
Rio Pardo de Minas (MG);30732;30878;31016;30779;30914;31045;31171;29123;29103
Rio Piracicaba (MG);14602;14613;14624;14346;14339;14332;14325;15001;15036
Rio Pomba (MG);17939;18001;18061;17858;17910;17959;18007;17856;17885
Rio Preto (MG);5517;5531;5544;5467;5476;5485;5493;5240;5235
Rio Vermelho (MG);13597;13523;13453;12957;12846;12739;12635;12815;12770
Ritápolis (MG);4891;4862;4834;4648;4604;4562;4521;5115;5122
Rochedo de Minas (MG);2263;2278;2293;2289;2305;2320;2335;2363;2374
Rodeiro (MG);7653;7758;7857;7991;8109;8224;8333;9064;9168
Romaria (MG);3657;3650;3644;3547;3533;3520;3507;3440;3430
Rosário da Limeira (MG);4525;4553;4580;4566;4594;4622;4648;4896;4926
Rubelita (MG);7093;6937;6789;6198;5995;5798;5609;5572;5460
Rubim (MG);10330;10354;10377;10226;10241;10256;10269;10575;10602
Sabará (MG);134382;135196;135968;135421;136344;137125;137877;134286;134576
Sabinópolis (MG);15987;15961;15936;15525;15470;15416;15364;14382;14309
Sacramento (MG);25630;25819;25998;25989;26185;26374;26556;27891;28076
Salinas (MG);41301;41494;41678;41349;41527;41699;41864;41641;41736
Salto da Divisa (MG);7107;7117;7127;7007;7009;7012;7014;6164;6126
Santa Bárbara (MG);30169;30436;30690;30807;31324;31604;31873;31756;31916
Santa Bárbara do Leste (MG);8107;8144;8180;8113;8147;8181;8212;8737;8785
Santa Bárbara do Monte Verde (MG);3037;3067;3096;3117;3150;3182;3212;3199;3218
Santa Bárbara do Tugúrio (MG);4617;4603;4590;4454;4430;4407;4385;4262;4245
Santa Cruz de Minas (MG);8429;8489;8547;8541;8604;8664;8723;8321;8339
Santa Cruz de Salinas (MG);4383;4359;4337;4177;4142;4107;4074;3944;3919
Santa Cruz do Escalvado (MG);5003;4981;4960;4793;4758;4725;4693;4743;4728
Santa Efigęnia de Minas (MG);4622;4604;4587;4438;4409;4381;4354;4067;4038
Santa Fé de Minas (MG);4009;3997;3985;3866;3846;3826;3806;3551;3528
Santa Helena de Minas (MG);6362;6387;6410;6345;6366;6386;6406;6059;6056
Santa Juliana (MG);12939;13165;13380;13743;14003;14255;14497;16568;16820
Santa Luzia (MG);216254;217610;218897;218147;219134;220444;221705;229483;230382
Santa Margarida (MG);15982;16080;16173;16111;16208;16302;16393;16903;16989
Santa Maria de Itabira (MG);10964;10986;11007;10836;10847;10857;10867;10716;10718
Santa Maria do Salto (MG);5393;5387;5381;5248;5232;5217;5203;4803;4777
Santa Maria do Suaçuí (MG);14869;14883;14896;14620;14615;14611;14607;12898;12817
Santana da Vargem (MG);7349;7336;7322;7128;7100;7073;7047;6781;6756
Santana de Cataguases (MG);3836;3856;3876;3853;3872;3891;3909;3553;3548
Santana de Pirapama (MG);8032;7997;7965;7696;7642;7589;7538;7079;7030
Santana do Deserto (MG);4016;4024;4032;3971;3976;3981;3985;3819;3815
Santana do Garambéu (MG);2400;2419;2436;2438;2458;2476;2494;2175;2171
Santana do Jacaré (MG);4828;4845;4861;4807;4821;4834;4847;4265;4246
Santana do Manhuaçu (MG);8844;8849;8853;8681;8674;8667;8660;9236;9264
Santana do Paraíso (MG);31604;32232;32828;33934;34663;35369;36048;48286;49025
Santana do Riacho (MG);4258;4280;4301;4274;4295;4315;4334;5579;5654
Santana dos Montes (MG);3897;3892;3887;3789;3777;3765;3753;3507;3490
Santa Rita de Caldas (MG);9218;9208;9198;8974;8949;8924;8900;8588;8561
Santa Rita de Jacutinga (MG);5065;5054;5043;4905;4884;4863;4843;4836;4826
Santa Rita de Minas (MG);7042;7097;7149;7155;7212;7268;7322;6952;6969
Santa Rita de Ibitipoca (MG);3595;3580;3566;3449;3425;3402;3380;3344;3331
Santa Rita do Itueto (MG);5739;5719;5699;5522;5489;5457;5426;5973;5984
Santa Rita do Sapucaí (MG);41425;41886;42324;42751;43260;43753;44226;42320;42517
Santa Rosa da Serra (MG);3368;3377;3386;3343;3350;3357;3364;3476;3487
Santa Vitória (MG);19389;19520;19646;19608;19742;19872;19997;21745;21914
Santo Antônio do Amparo (MG);18367;18462;18553;18434;18525;18613;18697;17651;17657
Santo Antônio do Aventureiro (MG);3659;3664;3668;3602;3602;3602;3602;3881;3896
Santo Antônio do Grama (MG);4103;4087;4071;3937;3911;3886;3861;4342;4352
Santo Antônio do Itambé (MG);4093;4066;4040;3877;3838;3799;3763;3979;3969
Santo Antônio do Jacinto (MG);12008;11992;11977;11677;11640;11604;11570;10397;10324
Santo Antônio do Monte (MG);27752;27938;28115;28054;28243;28427;28603;28358;28456
Santo Antônio do Retiro (MG);7290;7315;7339;7256;7277;7297;7316;6743;6729
Santo Antônio do Rio Abaixo (MG);1816;1815;1813;1770;1765;1760;1756;1853;1856
Santo Hipólito (MG);3246;3231;3218;3109;3087;3065;3044;2720;2692
Santos Dumont (MG);47559;47560;47561;46555;46487;46421;46357;43392;43218
Săo Bento Abade (MG);5043;5103;5159;5220;5286;5349;5411;4835;4846
Săo Brás do Suaçuí (MG);3712;3730;3747;3721;3738;3754;3770;4133;4161
Săo Domingos das Dores (MG);5661;5680;5697;5630;5644;5658;5672;5778;5793
Săo Domingos do Prata (MG);17798;17792;17787;17393;17359;17327;17296;17771;17783
Săo Félix de Minas (MG);3462;3460;3458;3377;3369;3362;3354;3252;3244
Săo Francisco (MG);56423;56619;56805;56163;56323;56477;56625;54239;54223
Săo Francisco de Paula (MG);6670;6671;6673;6535;6527;6520;6512;6293;6281
Săo Francisco de Sales (MG);6150;6188;6224;6200;6238;6274;6309;5857;5858
Săo Francisco do Glória (MG);5145;5114;5085;4889;4844;4800;4758;4866;4848
Săo Geraldo (MG);11559;11736;11905;12164;12366;12562;12751;10517;10524
Săo Geraldo da Piedade (MG);4289;4251;4214;4015;3962;3910;3860;3258;3200
Săo Geraldo do Baixio (MG);3834;3878;3920;3963;4012;4059;4104;3175;3158
Săo Gonçalo do Abaeté (MG);6780;6840;6898;6923;8389;8459;8527;7521;7515
Săo Gonçalo do Pará (MG);11654;11823;11985;12218;12411;12597;12776;12192;12275
Săo Gonçalo do Rio Abaixo (MG);10588;10683;10773;10818;10920;11019;11114;12353;12475
Săo Gonçalo do Sapucaí (MG);25274;25399;25517;25332;25449;25561;25670;24480;24497
Săo Gotardo (MG);34425;34728;35016;35145;35469;35782;36084;43309;43851
Săo Joăo Batista do Glória (MG);7341;7387;7431;7407;7453;7498;7541;7912;7959
Săo Joăo da Lagoa (MG);4902;4922;4942;4896;4915;4932;4949;4950;4962
Săo Joăo da Mata (MG);2810;2810;2811;2753;2749;2746;2743;3000;3012
Săo Joăo da Ponte (MG);25906;25880;25856;25235;25165;25098;25033;24269;24197
Săo Joăo das Missőes (MG);12652;12760;12862;12899;13014;13125;13232;13467;13547
Săo Joăo del Rei (MG);89378;89832;90263;89653;90082;90497;90897;94062;94468
Săo Joăo do Manhuaçu (MG);11153;11262;11367;11440;11559;11674;11785;11614;11676
Săo Joăo do Manteninha (MG);5650;5706;5759;5798;5859;5918;5975;5468;5479
Săo Joăo do Oriente (MG);7888;7853;7819;7553;7498;7444;7393;7139;7099
Săo Joăo do Pacuí (MG);4339;4369;4396;4389;4419;4448;4476;4052;4050
Săo Joăo do Paraíso (MG);23526;23630;23729;23524;23618;23709;23797;24604;24706
Săo Joăo Evangelista (MG);16057;16070;16083;15781;15774;15767;15761;15617;15613
Săo Joăo Nepomuceno (MG);26336;26439;26538;26272;26361;26447;26530;26478;26529
Săo Joaquim de Bicas (MG);29162;29674;30160;30989;31578;32148;32696;36496;37017
Săo José da Barra (MG);7270;7323;7374;7371;7426;7480;7532;8084;8145
Săo José da Lapa (MG);22257;22592;22910;23385;23766;24135;24490;27710;28087
Săo José da Safira (MG);4274;4289;4303;4255;4268;4280;4291;3861;3849
Săo José da Varginha (MG);4702;4770;4834;4927;5004;5079;5151;4677;4698
Săo José do Alegre (MG);4197;4213;4228;4183;4196;4210;4222;4242;4252
Săo José do Divino (MG);3944;3945;3946;3865;3860;3856;3851;3501;3482
Săo José do Goiabal (MG);5673;5653;5633;5454;5420;5387;5356;5492;5482
Săo José do Jacuri (MG);6671;6660;6650;6477;6453;6431;6409;6298;6282
Săo José do Mantimento (MG);2755;2771;2787;2775;2791;2806;2821;2834;2844
Săo Lourenço (MG);44781;45128;45457;45488;45851;46202;46539;46653;46868
Săo Miguel do Anta (MG);7019;7032;7045;6933;6938;6944;6949;6430;6410
Săo Pedro da Uniăo (MG);4979;4944;4911;4709;4659;4610;4563;4979;4973
Săo Pedro dos Ferros (MG);8284;8231;8181;7858;7781;7706;7634;7194;7132
Săo Pedro do Suaçuí (MG);5552;5522;5494;5291;5246;5202;5160;5166;5143
Săo Romăo (MG);11553;11727;11892;12139;12337;12529;12713;10553;10562
Săo Roque de Minas (MG);7035;7064;7092;7026;7051;7076;7100;7341;7370
Săo Sebastiăo da Bela Vista (MG);5348;5394;5438;5455;5504;5552;5598;6694;6778
Săo Sebastiăo da Vargem Alegre (MG);2973;2990;3006;2991;3007;3024;3039;3219;3239
Săo Sebastiăo do Anta (MG);6286;6355;6419;6479;6555;6627;6697;6386;6415
Săo Sebastiăo do Maranhăo (MG);10620;10564;10511;10129;10044;9963;9884;10244;10218
Săo Sebastiăo do Oeste (MG);6430;6512;6589;6684;6775;6863;6948;9355;9527
Săo Sebastiăo do Paraíso (MG);69574;70066;70533;70450;70956;71445;71915;74742;75179
Săo Sebastiăo do Rio Preto (MG);1601;1591;1582;1520;1506;1492;1478;1248;1229
Săo Sebastiăo do Rio Verde (MG);2228;2239;2249;2231;2241;2250;2259;2373;2385
Săo Tiago (MG);11017;11046;11073;10922;10941;10960;10979;11517;11559
Săo Tomás de Aquino (MG);7238;7230;7222;7042;7021;7000;6980;6853;6837
Săo Tomé das Letras (MG);7037;7072;7106;7056;7089;7120;7151;7089;7107
Săo Vicente de Minas (MG);7552;7614;7672;7687;7753;7815;7876;6935;6928
Sapucaí-Mirim (MG);6739;6796;6850;6869;6930;6989;7045;6462;6469
Sardoá (MG);6083;6142;6198;6236;6300;6361;6421;5164;5140
Sarzedo (MG);29889;30478;31037;32069;32752;33413;34050;39327;39974
Setubinha (MG);11837;11952;12060;12134;12258;12378;12493;10032;9985
Sem-Peixe (MG);2814;2794;2776;2661;2633;2606;2579;2441;2420
Senador Amaral (MG);5419;5429;5439;5352;5356;5361;5365;6458;6517
Senador Cortes (MG);2047;2048;2049;2007;2005;2003;2001;2319;2335
Senador Firmino (MG);7700;7747;7792;7764;7812;7858;7902;7945;7977
Senador José Bento (MG);1735;1703;1672;1545;1502;1461;1422;2137;2149
Senador Modestino Gonçalves (MG);4484;4446;4410;4209;4156;4105;4056;4035;4006
Senhora de Oliveira (MG);5879;5886;5892;5786;5786;5786;5786;5584;5577
Senhora do Porto (MG);3599;3600;3602;3527;3523;3519;3516;3088;3066
Senhora dos Remédios (MG);10585;10604;10622;10451;10459;10467;10474;10640;10657
Sericita (MG);7406;7420;7434;7319;7326;7333;7340;7536;7552
Seritinga (MG);1865;1870;1874;1848;1851;1854;1857;1864;1866
Serra Azul de Minas (MG);4363;4368;4372;4293;4293;4292;4292;3829;3808
Serra da Saudade (MG);818;815;812;786;781;776;771;854;856
Serra dos Aimorés (MG);8767;8789;8809;8685;8699;8713;8725;6936;6859
Serra do Salitre (MG);11325;11410;11491;11493;11582;11668;11750;12210;12286
Serrania (MG);7796;7804;7812;7670;7669;7668;7667;7802;7811
Serranópolis de Minas (MG);4712;4741;4769;4752;4781;4809;4836;4496;4497
Serranos (MG);2030;2026;2023;1970;1963;1956;1949;2035;2036
Serro (MG);21427;21431;21435;20993;20966;20940;20915;22550;22624
Sete Lagoas (MG);232107;234221;236228;237286;239639;241835;243950;237931;238909
Silveirânia (MG);2282;2287;2292;2258;2261;2264;2267;2391;2399
Silvianópolis (MG);6283;6299;6314;6227;6238;6248;6258;6336;6348
Simăo Pereira (MG);2640;2646;2651;2612;2615;2618;2621;3060;3084
Simonésia (MG);19421;19530;19633;19528;19633;19736;19834;20339;20431
Sobrália (MG);5842;5816;5791;5594;5553;5514;5476;5175;5140
Soledade de Minas (MG);6055;6094;6131;6112;6151;6189;6226;5733;5733
Tabuleiro (MG);4021;3991;3963;3792;3750;3708;3669;4098;4097
Taiobeiras (MG);33315;33576;33824;33858;34132;34397;34653;34392;34537
Taparuba (MG);3203;3199;3196;3119;3110;3101;3093;3492;3508
Tapira (MG);4542;4598;4650;4711;4773;4832;4890;4212;4215
Tapiraí (MG);1922;1921;1921;1879;1875;1872;1869;1707;1698
Taquaraçu de Minas (MG);4030;4053;4075;4055;4077;4099;4120;4368;4394
Tarumirim (MG);14672;14670;14667;14350;14326;14302;14280;15072;15104
Teixeiras (MG);11793;11815;11836;11650;11661;11670;11680;12634;12691
Teófilo Otoni (MG);141046;141502;141934;140235;140592;140937;141269;142571;142851
Timóteo (MG);87542;88255;88931;89090;89842;90568;91268;84087;84172
Tiradentes (MG);7640;7726;7807;7886;7981;8072;8160;8008;8056
Tiros (MG);6871;6832;6795;6539;6480;6424;6369;8172;8231
Tocantins (MG);16637;16703;16766;16602;16659;16715;16769;16574;16603
Tocos do Moji (MG);4124;4136;4147;4093;4101;4109;4117;3899;3894
Toledo (MG);6153;6194;6232;6217;6258;6297;6336;7541;7625
Tombos (MG);9033;8899;8772;8201;8022;7850;7683;8699;8653
Tręs Coraçőes (MG);77921;78474;78999;78913;79482;80032;80561;78079;78291
Tręs Marias (MG);31028;31366;31687;31984;32356;32716;33062;29927;29985
Tręs Pontas (MG);56649;56879;57097;56546;56746;56940;57127;57086;57209
Tumiritinga (MG);6669;6705;6739;6698;6732;6765;6797;5973;5955
Tupaciguara (MG);25363;25452;25538;25253;25327;25398;25466;26482;26583
Turmalina (MG);19454;19612;19762;19797;19964;20125;20280;20650;20769
Turvolândia (MG);4964;4995;5025;5008;5040;5070;5099;5078;5097
Ubá (MG);111012;112186;113300;114265;115552;116797;117995;107222;107423
Ubaí (MG);12397;12466;12531;12466;12533;12599;12661;11977;11985
Ubaporanga (MG);12558;12591;12622;12449;12471;12493;12514;13423;13485
Uberaba (MG);322126;325279;328272;330361;333783;337092;340277;354142;356781
Uberlândia (MG);662362;669672;676613;683247;691305;699097;706597;754954;761835
Umburatiba (MG);2727;2718;2709;2626;2611;2596;2582;2742;2742
Unaí (MG);82887;83448;83980;83808;84378;84930;85461;90724;91320
Uniăo de Minas (MG);4474;4463;4452;4325;4304;4284;4265;3848;3818
Uruana de Minas (MG);3336;3337;3338;3267;3264;3260;3256;3360;3365
Urucânia (MG);10585;10587;10589;10371;10358;10345;10333;10875;10899
Urucuia (MG);15556;15833;16095;16547;16865;17173;17470;18291;18515
Vargem Alegre (MG);6634;6633;6632;6491;6480;6470;6460;5834;5800
Vargem Bonita (MG);2213;2211;2209;2158;2153;2148;2143;2206;2207
Vargem Grande do Rio Pardo (MG);4989;5011;5032;4987;5007;5026;5045;4727;4724
Varginha (MG);132353;133384;134364;134477;135558;136602;137608;142802;143676
Varjăo de Minas (MG);6762;6857;6947;7071;7036;7138;7235;7243;7305
Várzea da Palma (MG);38534;38838;39128;39173;39493;39803;40101;34639;34555
Varzelândia (MG);19702;19712;19723;19335;19320;19305;19290;19214;19210
Vazante (MG);20652;20720;20784;20537;20590;20642;20692;20433;20459
Verdelândia (MG);9056;9140;9220;9265;9355;9443;9527;7770;7737
Veredinha (MG);5773;5786;5798;5712;5720;5727;5733;5257;5240
Veríssimo (MG);3826;3870;3911;3951;3999;4045;4090;3480;3478
Vermelho Novo (MG);4883;4894;4905;4832;4839;4846;4852;5034;5048
Vespasiano (MG);118557;120510;122365;125376;127601;129765;131849;136826;138583
Viçosa (MG);77318;77863;78381;78286;78846;79388;79910;79221;79517
Vieiras (MG);3765;3753;3741;3629;3608;3589;3570;3780;3781
Mathias Lobato (MG);3373;3357;3342;3227;3203;3179;3157;3069;3053
Virgem da Lapa (MG);14030;14037;14043;13764;13752;13740;13729;11867;11774
Virgínia (MG);8867;8868;8870;8685;8674;8663;8652;9142;9164
Virginópolis (MG);10810;10801;10793;10537;10510;10484;10459;10519;10511
Virgolândia (MG);5664;5638;5613;5420;5380;5340;5303;4530;4471
Visconde do Rio Branco (MG);41182;41567;41932;42149;42564;42965;43351;40608;40711
Volta Grande (MG);5288;5302;5315;5243;5252;5261;5270;4473;4441
Wenceslau Braz (MG);2617;2616;2615;2558;2552;2548;2543;2387;2377
Fonte: IBGE - Estimativas de Populaçăo;;;;;;;;;
;;;;;;;;;
Notas;;;;;;;;;
"Em 2003:
O contingente populacional estimado para o Município de Caraíbas, no Estado da Bahia foi reduzido em 5.006 habitantes, devido ao processo de sindicância recentemente encerrado que apurou sobre enumeraçăo ocorrida quando da realizaçăo do Censo Demográfico 2000.

Em 2004:";;;;;;;;;
1 - O contingente populacional estimado para o Município de Caraíbas, no Estado da Bahia foi reduzido em 5.006 habitantes, devido ao processo de sindicância recentemente encerrado que apurou sobre enumeraçăo ocorrida quando da realizaçăo do Censo Demográfico 2000.;;;;;;;;;
"2 - Inclusive 4 municípios com instalaçăo prevista para 1ş de janeiro de 2005: Aroeiras do Itaim (PI), Figueirăo (MS), Ipiranga do Norte (MT) e Itanhangá (MT).

Em 2008:
Inclusive o Município de Nazária - PI, com previsăo de instalaçăo em 1ş de janeiro de 2009.

Em 2009:
Por determinaçăo judicial e para efeito de distribuiçăo do Fundo de Participaçăo dos Municípios, a populaçăo do Município de Uruará-PA é de 59.881 habitantes. Processo Judicial nş 2008.39.03.000085-6.

Em 2011:";;;;;;;;;
1 - A populaçăo do Brasil difere em 2.791 pessoas (192.379.287 pessoas) em relaçăo ŕquela divulgada no D.O.U em 31/08/2011 (192.376.496 pessoas) em decorręncia do critério de arredondamento para números inteiros, a ser adotado a partir deste ano.;;;;;;;;;
2 - O Município de Santarém-PB, código 13653, passou a ser denominado oficialmente de Joca Claudino-PB a partir de 23/11/2010, por força de Lei Municipal nş 049/2010.;;;;;;;;;
"3 - o Município de Campo de Santana-PB, código 16409, passou a ser denominado oficialmente de Tacima-PB a partir de 30/12/2009, por força de Lei Complementar nş 016/2009.

Em 2012:";;;;;;;;;
1 - Por determinaçăo judicial e para efeito de distribuiçăo do Fundo de Participaçăo dos Municípios, a populaçăo do Município de Brasil Novo-PA é de 17.960 habitantes. Processo Judicial nş 1-28.2012.4.01.3903.;;;;;;;;;
2 - Por determinaçăo judicial e para efeito de distribuiçăo do Fundo de Participaçăo dos Municípios, a populaçăo do Município de Jacareacanga-PA é de 41.487 habitantes. Processo Judicial nş 798-41.2011.4.01.3902, Seçăo Judiciária de Itaituba-PA.;;;;;;;;;
"3 - Municípios instalados em 1ş de janeiro de 2013.

Em 2013:
Por determinaçăo judicial e para efeito de distribuiçăo do Fundo de Participaçăo dos Municípios, a populaçăo do Município de Jacareacanga-PA é de 41.487 habitantes. Processo Judicial nş 798-41.2011 4.01.3902 Seçăo Judiciária de Itaituba-PA.

Em 2014:";;;;;;;;;
1 - Por determinaçăo judicial e para efeito de distribuiçăo do Fundo de Participaçăo dos Municípios, a populaçăo do Município de Jacareacanga-PA é de 41.487 habitantes. Processo Judicial nş 798-41.2011.4.01.3902, Seçăo Judiciária de Itaituba-PA.;;;;;;;;;
"2 - Por determinaçăo judicial o Município de Coronel Joăo Sá - BA teve os efeitos das estimativas das populaçőes de 2014, 2015 e 2016 suspensas, passando a vigorar, para efeito de distribuiçăo do Fundo de Participaçăo dos Municípios, a populaçăo estimada para o ano de 2013, que foi de 17.422 habitantes. Processo Judicial nş 0002222-53.2017.4.01.3306 - Vara Única de Paulo Afonso-BA.

Em 2015:";;;;;;;;;
1 - Por determinaçăo judicial, o Município de Porto Velho-RO teve suspensos os resultados do CENSO IBGE 2015, devendo-se utilizar como válidos, até futura decisăo em contrário, a populaçăo estimada para 2014, que foi de 494.013 habitantes. Processo Judicial nş 12316-40.2016.4.01.4100 - Seçăo Judiciária de Rondônia.;;;;;;;;;
2 - Por determinaçăo judicial e para efeito de distribuiçăo do Fundo de Participaçăo dos Municípios, a populaçăo do Município de Jacareacanga-PA é de 41.487 habitantes. Processo Judicial nş 798-41.2011.4.01.3902, Seçăo Judiciária de Itaituba-PA.;;;;;;;;;
3 - Por determinaçăo judicial o município de Coronel Joăo Sá - BA teve os efeitos das estimativas das populaçőes de 2014, 2015 e 2016 suspensas, passando a vigorar, para efeito de distribuiçăo do Fundo de Participaçăo dos Municípios, a populaçăo estimada para o ano de 2013, que foi de 17.422 habitantes. Processo Judicial nş 0002222-53.2017.4.01.3306 - Vara Única de Paulo Afonso-BA.;;;;;;;;;
4 - Por determinaçăo judicial e para efeito no Fundo de Participaçăo dos Municípios, a populaçăo em 2015 para os os Municípios de Euclides da Cunha (BA) e Quijingue (BA), săo de 61.228 e 28.093 habitantes, respectivamente. Processo Judicial nş 0000130-39.2016.4.01.3306 - Subseçăo Judiciária de Paulo Afonso-BA.;;;;;;;;;
"5 - Por determinaçăo judicial e para efeito no Fundo de Participaçăo dos Municípios, a populaçăo em 2015 para o Município Presidente Jânio Quadros é de 13.586 habitantes. Processo Judicial nş 63603-42.2015.4.01.3400, Seçăo Judiciária do Distrito Federal, 15Ş Vara Federal.

Em 2016:";;;;;;;;;
1 - Por determinaçăo judicial, o Município de Porto Velho-RO teve suspensos os resultados do CENSO IBGE 2015, devendo-se utilizar como válidos, até futura decisăo em contrário, a populaçăo estimada para 2014, que foi de 494.013 habitantes. Processo Judicial nş 12316-40.2016.4.01.4100 - Seçăo Judiciária de Rondônia.;;;;;;;;;
2 - Por determinaçăo judicial e para efeito de distribuiçăo do Fundo de Participaçăo dos Municípios, a populaçăo do Município de Jacareacanga-PA é de 41.487 habitantes. Processo Judicial nş 798-41.2011.4.01.3902, Seçăo Judiciária de Itaituba-PA.;;;;;;;;;
3 - Por determinaçăo judicial o Município de Coronel Joăo Sá - BA teve os efeitos das estimativas das populaçőes de 2014, 2015 e 2016 suspensas, passando a vigorar, para efeito de distribuiçăo do Fundo de Participaçăo dos Municípios, a populaçăo estimada para o ano de 2013, que foi de 17.422 habitantes. Processo Judicial nş 0002222-53.2017.4.01.3306 - Vara Única de Paulo Afonso-BA.;;;;;;;;;
"4 - Por determinaçăo judicial, os municípios de Livramento e Taperoá, do estado da Paraíba, tiveram seus limites territoriais alterados passando a vigorar, para efeitos de distribuiçăo do Fundo de Participaçăo dos Municípios, as populaçőes de 7.248 e 15.316 habitantes, respectivamente. Processo Judicial nş 0000301-96.2006.4.05.8200 - Tribunal de Justiça da Paraíba.

Em 2017:
";;;;;;;;;
"1 - Populaçăo judicial do município de Porto Velho-RO: 494.013 habitantes. Processo Judicial nş 12316-40.2016.4.01.4100 - Seçăo Judiciária de Rondônia.
";;;;;;;;;
"2 - Populaçăo judicial do município de Santa Isabel do Rio Negro-AM: entre 23.773 e 30.564 habitantes. Parecer de Força Executória nş 00007/2017/NUCOB-GEAC/PFAM/PGF/AGU, em trâmite na 3Ş VF/AM.
";;;;;;;;;
"3 - Populaçăo judicial do município de Urucará-AM: entre 16.981 e 23.772 habitantes. Parecer de Força Executória nş 00004/2017/NUCOB-GEAC/PFAM/PGF/AGU, em trâmite na 3Ş VF/AM.
";;;;;;;;;
"4 - Populaçăo judicial do município de Jacareacanga-PA: 41.487 habitantes. Processo Judicial nş 798-41.2011.4.01.3902, Seçăo Judiciária de Itaituba-PA.
";;;;;;;;;
"5 - Populaçăo judicial do município de Paço do Lumiar - MA: superior a 156.216 habitantes. Processo Judicial nş13916-98.2017.4.01.3700 - Seçăo Judiciária do Maranhăo- MA.
";;;;;;;;;
"6 - Populaçăo judicial do município Livramento-PB: 7.262 habitantes. Processo Judicial nş 0000301-96.2006.4.05.8200 - Tribunal de Justiça da Paraíba - PB.
";;;;;;;;;
"7 - Populaçăo judicial do município de Taperoá-PB: 15.400 habitantes. Processo Judicial nş 0000301-96.2006.4.05.8200 - Tribunal de Justiça da Paraíba - PB.
";;;;;;;;;
"8 - Populaçăo judicial do município Coronel Joăo Sá-BA: 17.422 habitantes. Processo Judicial nş 0002222-53.2017.4.01.3306 - Vara Única de Paulo Afonso-BA.
";;;;;;;;;
9 - Populaçăo judicial do município Ibiassucę-BA: entre 10.189 e 13.584 habitantes. Processo Judicial  nş 1018608-53.2017.4.01.3400  (14Ş VARA FEDERAL CÍVEL DA SJDF).;;;;;;;;;
10 - Populaçăo judicial do Município de Ribeirăo do Pinhal-PR: 13.601 habitantes. Processo Judicial nş 5001464-05.2018.4.04.7013 – Tribunal Regional Federal da 4Ş Regiăo.;;;;;;;;;
"11 - Populaçăo judicial do município de Terra Nova do Norte - MT: entre 10.189 e 13.584 habitantes. Processo Judicial nş1000023-86.2018.4.01.3603 (1Ş Vara Federal Cível e Criminal da SSJ de Sinop-MT).

De 2013 a 2017:
As diferenças entre as populaçőes das Unidades da Federaçăo obtidas da soma das estimativas municipais e aquelas projetadas nas Projeçőes de Populaçăo, Brasil e Unidades da Federaçăo, Revisăo 2013, devem-se ŕ alteraçăo de limites territoriais ocorridas entre os estados, após o Censo Demográfico 2010.

Em 2018:
1 - Populaçăo judicial do município de Porto Velho-RO: 494.013 habitantes. Processo Judicial nş 12316-40.2016.4.01.4100 - Seçăo Judiciária de Rondônia.";;;;;;;;;
2 - Populaçăo judicial do município de Santa Isabel do Rio Negro-AM: entre 23.773 e 30.564 habitantes. Parecer de Força Executória nş 00007/2017/NUCOB-GEAC/PFAM/PGF/AGU, em trâmite na 3Ş VF/AM.;;;;;;;;;
3 - Populaçăo judicial do município de Urucará-AM: entre 16.981 e 23.772 habitantes. Parecer de Força Executória nş 00004/2017/NUCOB-GEAC/PFAM/PGF/AGU, em trâmite na 3Ş VF/AM.;;;;;;;;;
4 - Populaçăo judicial do município de Jacareacanga-PA: 41.487 habitantes. Processo Judicial nş 798-41.2011.4.01.3902, Seçăo Judiciária de Itaituba-PA.;;;;;;;;;
5 - Populaçăo judicial do município de Paço do Lumiar - MA: superior a 156.216 habitantes. Processo Judicial nş13916-98.2017.4.01.3700 - Seçăo Judiciária do Maranhăo- MA.;;;;;;;;;
6 - Populaçăo judicial do município Livramento-PB: 7.248 habitantes. Processo Judicial nş 0000301-96.2006.4.05.8200 - Tribunal de Justiça da Paraíba - PB.;;;;;;;;;
7 - Populaçăo judicial do município de Taperoá-PB: 15.308 habitantes. Processo Judicial nş 0000301-96.2006.4.05.8200 - Tribunal de Justiça da Paraíba - PB.;;;;;;;;;
8 - Populaçăo judicial do município Coronel Joăo Sá-BA: 17.422 habitantes. Processo Judicial nş 0002222-53.2017.4.01.3306 - Vara Única de Paulo Afonso-BA.;;;;;;;;;
9 - Populaçăo judicial do município Ibiassucę-BA: entre 10.189 e 13.584 habitantes. Processo Judicial  nş 1018608-53.2017.4.01.3400  (14Ş VARA FEDERAL CÍVEL DA SJDF).;;;;;;;;;
10 - Populaçăo judicial do município de Amargosa - BA: entre 37.357 e 44.148. Processo Judicial  nş 1022005-86.2018.4.01.3400- (5Ş VF/SJDF).;;;;;;;;;
11 - Os municípios de Acarape-CE, Aracoiaba-CE e Barreira-CE tiveram as alteraçőes de seus limites territoriais processadas em 30/10/2018, em virtude da suspensăo em 28/06/2018, pelo Tribunal de Justiça do Ceará, da Açăo de Inconstitucionalidade (Processo 0621205-04.2017.8.06000 de 21/02/2017) da Lei 16.198 de 29/12/2016.;;;;;;;;;
12 - Populaçăo judicial do município de Heliópolis - BA: entre 13.585 e 16.980. Processo Judicial nş 1000198-98.2018.4.01.3306 (Subseçăo Judiciária de Paulo Afonso-BA).;;;;;;;;;
13 - Populaçăo judicial do município de Souto Soares - BA: entre 16.981 e 23.772. Processo Judicial nş005709-76.2018.4.01.3312 (1Ş Vara  de Irecę).;;;;;;;;;
14 - Populaçăo judicial do Município de Ribeirăo do Pinhal-PR: 13.601 habitantes. Processo Judicial nş 5001464-05.2018.4.04.7013 – Tribunal Regional Federal da 4Ş Regiăo.;;;;;;;;;
15 - Populaçăo judicial do município de Santa Tereza do Oeste - PR: 10.471 habitantes. Processo Judicial nş 5012452-12.2018.4.04.7005 (Seçăo Judiciária do Paraná - Plantăo JFPR).;;;;;;;;;
16 - Populaçăo judicial do município de Terra Nova do Norte - MT: entre10189 e 13584 habitantes. Processo Judicial nş 1000001-91.2019.4.01.3603 (2Ş Vara federal Cível e Criminal da SSJ de Sinop-MT).;;;;;;;;;
"17 - Populaçăo judicial do município de Rodelas - BA: entre 10.189 a 13.584 habitantes. Processo Judicial nş 1002950-09.2019.4.01.3306 (Procuradoria Federal no Estado da Bahia, Núcleo Finalístico Ambiental).

Em 2019:
1 - Populaçăo judicial do município de Porto Velho-RO: 494.013 habitantes. Processo Judicial nş 12316-40.2016.4.01.4100 - Seçăo Judiciária de Rondônia.";;;;;;;;;
2 - Populaçăo judicial do município de Santa Isabel do Rio Negro-AM: entre 23.773 e 30.564 habitantes. Parecer de Força Executória nş 00007/2017/NUCOB-GEAC/PFAM/PGF/AGU, em trâmite na 3Ş VF/AM.;;;;;;;;;
3 - Populaçăo judicial do município de Urucará-AM: entre 16.981 e 23.772 habitantes. Parecer de Força Executória nş 00004/2017/NUCOB-GEAC/PFAM/PGF/AGU, em trâmite na 3Ş VF/AM.;;;;;;;;;
4 - Populaçăo judicial do município de Jacareacanga-PA: 41.487 habitantes. Processo Judicial nş 798-41.2011.4.01.3902, Seçăo Judiciária de Itaituba-PA.;;;;;;;;;
5 - Populaçăo judicial do município de Paço do Lumiar - MA: superior a 156.216 habitantes. Processo Judicial nş13916-98.2017.4.01.3700 - Seçăo Judiciária do Maranhăo- MA.;;;;;;;;;
6 - Populaçăo judicial do município de Ferreiros - PE: entre 13.585 e 16.980 habitantes. Processo Judicial nş 0805921-61.2019.4.05.0000 (1Ş Turma do Tribunal Regional Federal da 5Ş Regiăo).;;;;;;;;;
7 - Populaçăo judicial do município de Amargosa - BA: entre 37.357 e 44.148. Processo Judicial nş 1022005-86.2018.4.01.3400- (5Ş VF/SJDF).;;;;;;;;;
8 - Populaçăo judicial do município Coronel Joăo Sá-BA: 17.422 habitantes. Processo Judicial nş 0002222-53.2017.4.01.3306 - Vara Única de Paulo Afonso-BA.;;;;;;;;;
9 - Populaçăo judicial do município Ibiassucę-BA: entre 10.189 e 13.584 habitantes. Processo Judicial nş 1018608-53.2017.4.01.3400 (14Ş VARA FEDERAL CÍVEL DA SJDF).;;;;;;;;;
10 - Populaçăo judicial do município de Rodelas - BA: entre 10.189 a 13.584 habitantes. Processo Judicial nş 1002950-09.2019.4.01.3306 (Procuradoria Federal no Estado da Bahia, Núcleo Finalístico Ambiental).;;;;;;;;;
11 - Populaçăo judicial do município de Souto Soares - BA: entre 16.981 e 23.772. Processo Judicial nş005709-76.2018.4.01.3312 (1Ş Vara de Irecę).;;;;;;;;;
12 - Populaçăo judicial do Município de Ribeirăo do Pinhal-PR: 13.601 habitantes. Processo Judicial nş 5001464-05.2018.4.04.7013 – Tribunal Regional Federal da 4Ş Regiăo.;;;;;;;;;
"13 - Populaçăo judicial do município de Santa Tereza do Oeste - PR: 10.471 habitantes. Processo Judicial nş 5012452-12.2018.4.04.7005 (Seçăo Judiciária do Paraná - Plantăo JFPR).

Em 2020:
1 - Populaçăo judicial do município de Porto Velho-RO: 494.013 habitantes. Processo Judicial nş 12316-40.2016.4.01.4100 - Seçăo Judiciária de Rondônia.";;;;;;;;;
2 - Populaçăo judicial do município de Santa Isabel do Rio Negro-AM: entre 23.773 e 30.564 habitantes. Parecer de Força Executória nş 00007/2017/NUCOB-GEAC/PFAM/PGF/AGU, em trâmite na 3Ş VF/AM.;;;;;;;;;
3 - Populaçăo judicial do município de Urucará-AM: entre 16.981 e 23.772 habitantes. Parecer de Força Executória nş 00004/2017/NUCOB-GEAC/PFAM/PGF/AGU, em trâmite na 3Ş VF/AM.;;;;;;;;;
4 - Populaçăo judicial do município de Jacareacanga-PA: 41.487 habitantes. Processo Judicial nş 798-41.2011.4.01.3902, Seçăo Judiciária de Itaituba-PA.;;;;;;;;;
5 - Populaçăo judicial do município de Paço do Lumiar - MA: superior a 156.216 habitantes. Processo Judicial nş13916-98.2017.4.01.3700 - Seçăo Judiciária do Maranhăo- MA.;;;;;;;;;
6 - Populaçăo judicial do município de Ferreiros - PE: entre 13.585 e 16.980 habitantes. Processo Judicial nş 0805921-61.2019.4.05.0000 (1Ş Turma do Tribunal Regional Federal da 5Ş Regiăo).;;;;;;;;;
7 - Populaçăo judicial do município Coronel Joăo Sá-BA: 17.422 habitantes. Processo Judicial nş 0002222-53.2017.4.01.3306 - Vara Única de Paulo Afonso-BA.;;;;;;;;;
8 - Populaçăo judicial do município Ibiassucę-BA: entre 10.189 e 13.584 habitantes. Processo Judicial nş 1018608-53.2017.4.01.3400 (14Ş VARA FEDERAL CÍVEL DA SJDF).;;;;;;;;;
9 - Populaçăo judicial do município de Rodelas - BA: entre 10.189 a 13.584 habitantes. Processo Judicial nş 1002950-09.2019.4.01.3306 (Procuradoria Federal no Estado da Bahia, Núcleo Finalístico Ambiental).;;;;;;;;;
10 - Populaçăo judicial do município de Benjamin Constant-AM: na faixa de 44.149 habitantes. Processo Judicial nş 1000062-26.2021.4.01.3200 – 1Ş VF/AM.;;;;;;;;;
11 - Populaçăo judicial do município de Caapiranga-AM: superior a 13.585 habitantes. Processo Judicial nş 1015062-03.2020.4.01.3200– 1Ş VF/AM.;;;;;;;;;
12 - Populaçăo judicial do município de Guajará-AM: na faixa de 16.981 habitantes. Processo Judicial nş 1000064-93.2021.4.01.3200 - 3Ş VF/AM.;;;;;;;;;
13 - Populaçăo judicial do município de Lábrea-AM: na faixa 50.941 habitantes. Processo Judicial nş 1000066-63.2021.4.01.3200– 3Ş VF/AM.;;;;;;;;;
14 - Populaçăo judicial do município de Parintins-AM: na faixa de 115.465 habitantes. Processo Judicial nş 1022483-44.2020.4.01.3200 – 3Ş VF/AM.;;;;;;;;;
15 - Populaçăo judicial do município de Tabatinga-AM: na faixa de 71.317 habitantes. Processo Judicial nş 1000065-78.2021.4.01.3200 – 3Ş VF/AM.;;;;;;;;;
16 - Populaçăo judicial do município de Urucurituba-AM: na faixa de 23.773 a 30.594 habitantes. Processo Judicial nş 1000061-41.2021.4.01.3200 - 3Ş VF/AM.;;;;;;;;;
"17 - Populaçăo judicial do Município de Ribeirăo do Pinhal-PR: 13.601 habitantes. Processo Judicial nş 5001464-05.2018.4.04.7013 – Tribunal Regional Federal da 4Ş Regiăo.

Em 2021:
1 - Populaçăo judicial do município de Porto Velho-RO: 494.013 habitantes. Processo Judicial nş 12316-40.2016.4.01.4100 - Seçăo Judiciária de Rondônia.";;;;;;;;;
2 - Populaçăo judicial do município de Benjamin Constant-AM: na faixa de 44.149 habitantes. Processo Judicial nş 1000062-26.2021.4.01.3200 – 1Ş VF/AM.;;;;;;;;;
3 - Populaçăo judicial do município de Caapiranga-AM: entre 16.981 e 23.772 habitantes. Processo Judicial nş 1004596-76.2022.4.01.3200 – Seçăo Judiciária do Amazonas.;;;;;;;;;
4 - Populaçăo judicial do município de Guajará-AM: na faixa de 16.981 habitantes. Processo Judicial nş 1000064-93.2021.4.01.3200 - 3Ş VF/AM.;;;;;;;;;
5 - Populaçăo judicial do município de Lábrea-AM: na faixa 50.941 habitantes. Processo Judicial nş 1000066-63.2021.4.01.3200 – 3Ş VF/AM.;;;;;;;;;
6 - Populaçăo judicial do município de Parintins-AM: na faixa de 115.465 habitantes. Processo Judicial nş 1022483-44.2020.4.01.3200 – 3Ş VF/AM.;;;;;;;;;
7 - Populaçăo judicial do município de Santa Isabel do Rio Negro-AM: entre 30.565 a 37.356 habitantes. Processo Judicial nş 1004576-85.2022.4.01.3200 - Seçăo Judiciária do Amazonas.;;;;;;;;;
8 - Populaçăo judicial do município de Tabatinga-AM: na faixa de 71.317 habitantes. Processo Judicial nş 1000065-78.2021.4.01.3200 – 3Ş VF/AM.;;;;;;;;;
9 - Populaçăo judicial do município de Urucará-AM: entre 16.981 e 23.772 habitantes. Processo Judicial nş 1000067-53.2018.4.01.3200 - 3Ş VF/AM.;;;;;;;;;
10 - Populaçăo judicial do município de Urucurituba-AM: na faixa de 23.773 a 30.594 habitantes. Processo Judicial nş 1000061-41.2021.4.01.3200 - 3Ş VF/AM.;;;;;;;;;
11 - Populaçăo judicial do município de Jacareacanga-PA: 41.487 habitantes. Processo Judicial nş 798-41.2011.4.01.3902, Seçăo Judiciária de Itaituba-PA.;;;;;;;;;
12 - Populaçăo judicial do município de Paço do Lumiar - MA: superior a 156.216 habitantes. Processo Judicial nş13916-98.2017.4.01.3700 - Seçăo Judiciária do Maranhăo- MA.;;;;;;;;;
13 - Populaçăo judicial do município de Ferreiros - PE: entre 13.585 e 16.980 habitantes. Processo Judicial nş 0805921-61.2019.4.05.0000 (1Ş Turma do Tribunal Regional Federal da 5Ş Regiăo).;;;;;;;;;
14 - Populaçăo judicial do município Coronel Joăo Sá-BA: 17.422 habitantes. Processo Judicial nş 0002222-53.2017.4.01.3306 - Vara Única de Paulo Afonso-BA.;;;;;;;;;
15 - Populaçăo judicial do município Ibiassucę-BA: entre 10.189 e 13.584 habitantes. Processo Judicial nş 1018608-53.2017.4.01.3400 (14Ş VARA FEDERAL CÍVEL DA SJDF).;;;;;;;;;
16 - Populaçăo judicial do município de Rodelas - BA: entre 10.189 a 13.584 habitantes. Processo Judicial nş 1002950-09.2019.4.01.3306 (Procuradoria Federal no Estado da Bahia, Núcleo Finalístico Ambiental).;;;;;;;;;
17 - Populaçăo judicial do município de Alvarăes-AM: entre 16.981 a 23.772 habitantes. Processo Judicial nş 1000162-44.2022.4.01.3200 - Seçăo Judiciária do Amazonas.;;;;;;;;;
18 - Populaçăo judicial do município de Humaitá-AM: entre 61.129 a 71.316 habitantes. Processo Judicial nş 1000169-36.2022.4.01.3200 - Seçăo Judiciária do Amazonas.;;;;;;;;;
19 - Populaçăo judicial do município de Itapiranga-AM: entre 10.189 a 13.584 habitantes. Processo Judicial nş 1000175-43.2022.4.01.3200 - Seçăo Judiciária do Amazonas.;;;;;;;;;
20 - Populaçăo judicial do município de Jutaí-AM: entre 23.773 a 30.564 habitantes. Processo Judicial nş 1000146-90.2022.4.01.3200 - Seçăo Judiciária do Amazonas.;;;;;;;;;
21 - Populaçăo judicial do município de Pauini-AM: entre 30.565 e 37.356 habitantes. Processo Judicial nş: 1011469-92.2022.4.01.3200 - 1Ş Vara Federal Cível da SJAM.;;;;;;;;;
22 - Populaçăo judicial do município de Itamarati-AM: entre 10.189 a 13.584 habitantes. Processo Judicial nş 1001303-98.2022.4.01.3200 - Seçăo Judiciária do Amazonas.;;;;;;;;;
23 - Populaçăo judicial do município de Barcelos-AM: entre 37.357 e 44.148 habitantes. Processo Judicial nş 1009427-70.2022.4.01.3200 – 3Ş Vara Federal Cível da Seçăo Judiciária do Amazonas.;;;;;;;;;
24 - Populaçăo judicial do Município de Planaltina (GO): 117.852 habitantes. Processo Judicial nş 1001382-32.2022.4.01.3506 – Vara Federal Cível e Criminal da SSJ de Formosa-GO.;;;;;;;;;
25 - Populaçăo judicial do Município de Novo Airăo-AM: entre 23.773 a 30.564 habitantes. Processo Judicial nş 1013686-11.2022.4.01.3200 – 9Ş Vara Federal Cível da SJAM.;;;;;;;;;
26 - Populaçăo judicial do Município de Borba-AM: entre 44.149 e 50.940 habitantes. Processo Judicial nş 1011935-86.2022.4.01.3200 – 9Ş Vara Federal Cível da SJAM.;;;;;;;;;
27 - Populaçăo judicial do Município de Manacapuru-AM: 169.041 habitantes. Processo Judicial nş 1011348-64.2022.4.01.3200 – 3Ş Vara Federal Cível da SJAM.;;;;;;;;;
28 - Populaçăo judicial do Município de Ribeirăo do Pinhal-PR: 13.601 habitantes. Processo Judicial nş 5001464-05.2018.4.04.7013 – Tribunal Regional Federal da 4Ş Regiăo.;;;;;;;;;
29 - Populaçăo judicial do município de Fonte Boa-AM: entre 23.773 a 30.564 habitantes. Processo Judicial nş 1000164-14.2022.4.01.3200 - Seçăo Judiciária do Amazonas.;;;;;;;;;
"30 - Populaçăo judicial do município de Itacoatiara-AM: acima de 156.216 habitantes. Processo Judicial nş 1017372-40.2024.4.01.3200 - 1Ş Vara Federal Cível da SJAM.

De 2018 a 2021:
As diferenças entre as populaçőes das Unidades da Federaçăo obtidas da soma das estimativas municipais e aquelas projetadas nas Projeçőes de Populaçăo, Brasil e Unidades da Federaçăo, Revisăo 2018, devem-se ŕ alteraçăo de limites territoriais ocorridas entre os estados, após o Censo Demográfico 2010.

 
Em 2024:";;;;;;;;;
1 - Populaçăo judicial do município de Porto Velho-RO: 494.013 habitantes. Processo Judicial nş 12316- 40.2016.4.01.4100 - Seçăo Judiciária de Rondônia.;;;;;;;;;
2 - Populaçăo judicial do município de Alvarăes-AM: entre 16.981 a 23.772 habitantes. Processo Judicial nş 1000162-44.2022.4.01.3200 - Seçăo Judiciária do Amazonas.;;;;;;;;;
3 - Populaçăo judicial do município de Barcelos-AM: entre 37.357 e 44.148 habitantes. Processo Judicial nş 1009427-70.2022.4.01.3200 - 3Ş Vara Federal Cível da Seçăo Judiciária do Amazonas.;;;;;;;;;
4 - Populaçăo judicial do município de Benjamin Constant-AM: na faixa de 44.149 habitantes. Processo Judicial nş 1000062-26.2021.4.01.3200 – 1Ş VF/AM.;;;;;;;;;
5 - Populaçăo judicial do município de Boca do Acre - AM: entre 37.357 e 44.148 habitantes. Processo Judicial nş 1017493-05.2023.4.01.3200 - 1Ş Vara Federal Cível da Seçăo Judiciária do Amazonas.;;;;;;;;;
6 - Populaçăo judicial do município de Caapiranga-AM: entre 23.773 a 30.564 habitantes. Processo Judicial nş 1038478-92.2023.4.01.3200 - 9Ş Vara Federal Cível da Seçăo Judiciária do Amazonas.;;;;;;;;;
7 - Populaçăo judicial do município de Caapiranga-AM: entre 23.773 e 30.564 habitantes. Processo Judicial nş 1014720-84.2023.4.01.3200 - Seçăo Judiciária do Amazonas.;;;;;;;;;
8 - Populaçăo judicial do município de Canutama: acima de 23.773 habitantes. Processo Judicial nş 1048132-06.2023.4.01.3200 - Seçăo Judiciária do Amazonas. ;;;;;;;;;
9 - Populaçăo judicial do município de Codajás-AM: entre 37.357 e 44.148 habitantes. Processo Judicial nş 1038474-55.2023.4.01.3200 - 9Ş Vara Federal Cível da Seçăo Judiciária do Amazonas. ;;;;;;;;;
10 - Populaçăo judicial do município de Eirunepé-AM: entre 44.149 e 50.940 habitantes. Processo Judicial nş 1038660-78.2023.4.01.3200 - 9Ş Vara Federal Cível da Seçăo Judiciária do Amazonas. ;;;;;;;;;
11 - Populaçăo judicial do município de Fonte Boa-AM: entre 23.773 a 30.564 habitantes. Processo Judicial nş 1000164-14.2022.4.01.3200 - Seçăo Judiciária do Amazonas.;;;;;;;;;
12 - Populaçăo judicial do município de Guajará-AM: na faixa de 16.981 habitantes. Processo Judicial nş 1000064-93.2021.4.01.3200 - 3Ş VF/AM 1000064-93.2021.4.01.320.;;;;;;;;;
13 - Populaçăo judicial do município de Humaitá-AM: entre 91.693 e 101.880 habitantes. Processo Judicial nş 1004095-88.2023.4.01.3200 - 1Ş Vara Federal da Seçăo Judiciária do Amazonas.;;;;;;;;;
14 - Populaçăo judicial do município de Humaitá-AM: entre 91.693 e 101.880 habitantes. Processo Judicial nş 1038689-31.2023.4.01.3200 - 9Ş Vara Federal da Seçăo Judiciária do Amazonas.;;;;;;;;;
15 - Populaçăo judicial do município de Itacoatiara - AM: acima de 156.216 habitantes. Processo Judicial nş 1017372-40.2024.4.01.3200 - 1Ş Vara Federal da Seçăo Judiciária do Amazonas.;;;;;;;;;
16 - Populaçăo judicial do município de Itamarati-AM: entre 10.189 a 13.584 habitantes. Processo Judicial nş 1006765-02.2023.4.01.3200. 3Ş Vara Federal Cível da Seçăo Judiciária do Amazonas..;;;;;;;;;
17 - Populaçăo judicial do município de Itapiranga-AM: entre 10.189 a 13.584 habitantes. Processo Judicial nş 1000175-43.2022.4.01.3200 - Seçăo Judiciária do Amazonas. Estimativa ano 2022;;;;;;;;;
18 - Populaçăo judicial do município de Juruá-AM: entre 23.773 a 30.564 habitantes. Processo Judicial nş 1036625-48.2023.4.01.3200 - Seçăo Judiciária do Amazonas. ;;;;;;;;;
19 - Populaçăo judicial do município de Jutaí-AM: entre 23.773 a 30.564 habitantes. Processo Judicial nş 1000146-90.2022.4.01.3200 - Seçăo Judiciária do Amazonas.;;;;;;;;;
20 - Populaçăo judicial do município de Lábrea-AM: na faixa 50.941 habitantes. Processo Judicial nş 1000066- 63.2021.4.01.3200 – 3Ş VF/AM.;;;;;;;;;
21 - Populaçăo judicial do município de Manacapuru-AM: 169.041 habitantes. Processo Judicial nş 1011348- 64.2022.4.01.3200 - 3Ş Vara Federal Cível da SJAM.;;;;;;;;;
22 - Populaçăo judicial do município de Manaquiri-AM: 44.149 habitantes - Processo Judicial: nş 1000808-83.2024.4.01.3200 - 1Ş Vara Federal Cível da Seçăo Judiciária do Amazonas.;;;;;;;;;
23 - Populaçăo judicial do município de Nhamunda -AM: na faixa de 37.357 a 44.148 - Processo Judicial: nş 1006040-76.2024.4.01.3200 - Procuradoria Regional Federal 1Ş Regiăo Equipe Inter-Regional de Matéria Regulatória da 1Ş e 6Ş Regiőes.;;;;;;;;;
24 - Populaçăo judicial do Município de Novo Airăo-AM: entre 23.773 a 30.564 habitantes. Processo Judicial nş 1013686-11.2022.4.01.3200 – 9Ş Vara Federal Cível da Seçăo.;;;;;;;;;
25 - Populaçăo judicial do município de Parintins-AM: na faixa de 115.465 habitantes. Processo Judicial nş 1022483-44.2020.4.01.3200 - 3Ş VF/AM.;;;;;;;;;
26 - Populaçăo judicial do município de Pauini-AM: entre 30.565 e 37.356 habitantes. Processo Judicial nş: 1011469-92.2022.4.01.3200 - 1Ş Vara Federal Cível da SJAM.;;;;;;;;;
27 - Populaçăo judicial do município de Rio Preto da Eva-AM: 53.819 habitantes. Processo Judicial nş 1028591-84.2023.4.01.3200 - 3Ş Vara Federal Cível da Seçăo Judiciária do Amazonas.;;;;;;;;;
28 - Populaçăo judicial do município de Santa Isabel do Rio Negro-AM: entre 37.357 a 44.148 habitantes. Processo Judicial nş 1037102-71.2023.4.01.3200 - 3Ş Vara Federal Cível da SJAM. ;;;;;;;;;
29 - Populaçăo judicial do município de Santo Antônio do Içá-AM: acima de 44.149 habitantes. Processo Judicial nş 1000239-82.2024.4.01.3200 - 3Ş Vara Federal Cível da Seçăo Judiciária.;;;;;;;;;
30 - Populaçăo judicial do município de Santo Antônio do Içá-AM: 44.000 habitantes. Processo Judicial nş 1048094-91.2023.4.01.3200 - 3Ş Vara Federal Cível da Seçăo Judiciária do Amazonas e processo: 1000239-82.2024.4.01.3200 (nup : 03606.000134/2023-02 e nup:03606.000010/2024-08).;;;;;;;;;
31 - Populaçăo judicial do município de Săo Sebastiăo do Uatumă - AM: entre 23.773 e 30.564 habitantes. Processo Judicial nş 1018673-56.2023.4.01.3200-1Ş Vara Federal Cível da Seçăo Judiciária do Amazonas. E processo: 1038383-62.2023.4.01.3200.;;;;;;;;;
32 - Populaçăo judicial do município de Uarini: acima de 23.773 habitantes. Processo Judicial nş 1048092-24.2023.4.01.3200 - Seçăo Judiciária do Amazonas.;;;;;;;;;
33 - Populaçăo judicial do município de Urucará-AM: 30.625 habitantes. Processo Judicial nş 1008620-79.2024.4.01.3200 3Ş Vara Federal Cível da SJAM.;;;;;;;;;
"34 - Populaçăo judicial do município de Urucurituba-AM: na faixa de 23.773 a 30.594 habitantes. Processo Judicial nş 1000061-41.2021.4.01.3200 - 3Ş VF/AM - 0001787.00000002/2021-53.


Em 2025:";;;;;;;;;
1 - Populaçăo judicial do município de Alvarăes-AM: 30.565 habitantes. Processo Judicial nş1024023-54.2025.4.01.3200 - 9Ş Vara Federal da Seçăo Judiciária do Amazonas.;;;;;;;;;
2 - Populaçăo judicial do município de Amaturá-AM: 16.981 habitantes. Processo Judicial nş 1046072-26.2024.4.01.3200 - 09Ş Vara Federal Cível da Seçăo Judiciária do Amazonas.;;;;;;;;;
3 - Populaçăo judicial do município de Apuí-AM: 30.565 habitantes. Processo Judicial nş 1022687-15.2025.4.01.3200 - 03Ş Vara Federal Cível da Seçăo Judiciária do Amazonas.;;;;;;;;;
4 - Populaçăo judicial do município de Barcelos-AM: entre 37.357 e 44.148 habitantes. Processo Judicial nş 1009427-70.2022.4.01.3200 - 03Ş Vara Federal Cível da Seçăo Judiciária do Amazonas.;;;;;;;;;
5 - Populaçăo judicial do município de Benjamin Constant-AM: na faixa de 44.149 habitantes. Processo Judicial nş 1000062-26.2021.4.01.3200 – 1Ş Vara Federal Cível da Seçăo Judiciária do Amazonas.;;;;;;;;;
6 - Populaçăo judicial do município de Canutama-AM: 23.773 habitantes. Processo Judicial nş 1048132-06.2023.4.01.3200 - Plantăo Judicial da Seçăo Judiciária do Amazonas.;;;;;;;;;
7 - Populaçăo judicial do município de Careiro-AM: 50.941 habitantes. Processo Judicial nş 1048133-88.2023.4.01.3200 - 03Ş Vara Federal Cível da Seçăo Judiciária do Amazonas.;;;;;;;;;
8 - Populaçăo judicial do município de Careiro da Várzea-AM: 44.149 habitantes. Processo Judicial nş 1046095-69.2024.4.01.3200 – 3Ş Vara Federal Cível da Seçăo Judiciária do Amazonas.;;;;;;;;;
9 - Populaçăo judicial do Município de Codajás-AM: entre 37.357 a 44.148 habitantes. Processo Judicial nş 1038474-55.2023.4.01.3200 – 9Ş Vara Federal Cível da Seçăo Judiciária do Amazonas.;;;;;;;;;
10 - Populaçăo judicial do município de Envira-AM: 30.565 habitantes. Processo Judicial nş 1037249-97.2023.4.01.3200 - 03Ş Vara Federal Cível da Seçăo Judiciária do Amazonas.;;;;;;;;;
11 - Populaçăo judicial do município de Fonte Boa-AM: entre 23.773 a 30.564 habitantes. Processo Judicial nş 1000164-14.2022.4.01.3200 - Plantăo Judicial da Seçăo Judiciária do Amazonas.;;;;;;;;;
12 - Populaçăo judicial do município de Guajará-AM: na faixa de 16.981 habitantes. Processo Judicial nş 1000064-93.2021.4.01.3200 - 03Ş Vara Federal Cível da Seçăo Judiciária do Amazonas.;;;;;;;;;
13 - Populaçăo judicial do município de Itacoatiara-AM: acima de 156.216. Processo Judicial nş 1018170-35.2023.4.01.3200 - 01Ş Vara Federal Cível da Seçăo Judiciária do Amazonas.;;;;;;;;;
14 - Populaçăo judicial do município de Itamarati-AM: 10.189 a 13.584 habitantes. Processo Judicial nş 1006765-02.2023.4.01.3200 - 03Ş Vara Federal Cível da Seçăo Judiciária do Amazonas.;;;;;;;;;
15 - Populaçăo judicial do município de Japurá-AM: 23.773 habitantes. Processo Judicial nş 1024025-24.2025.4.01.3200 - 09Ş Vara Federal Cível da Seçăo Judiciária do Amazonas.;;;;;;;;;
16 - Populaçăo judicial do município de Juruá-AM: 23.773 a 30.564. Processo Judicial nş 1036625-48.2023.4.01.3200 - Plantăo Judicial da Seçăo Judiciária do Amazonas.;;;;;;;;;
17 - Populaçăo judicial do município de Manacapuru-AM: 169.041 habitantes. Processo Judicial nş 1011348-64.2022.4.01.3200 - 03Ş Vara Federal Cível da Seçăo Judiciária do Amazonas.;;;;;;;;;
18 - Populaçăo judicial do município de Novo Airăo-AM: 30.565 habitantes. Processo Judicial nş 1023829-25.2023.4.01.3200 - 03Ş Vara Federal Cível da Seçăo Judiciária do Amazonas.;;;;;;;;;
19 - Populaçăo judicial do município de Parintins-AM: na faixa de 115.465 habitantes. Processo Judicial nş 1022483-44.2020.4.01.3200 - 03Ş Vara Federal Cível da Seçăo Judiciária do Amazonas.;;;;;;;;;
20 - Populaçăo judicial do município de Rio Preto da Eva-AM: 53.819 habitantes. Processo Judicial nş 1028591-84.2023.4.01.3200 - 03Ş Vara Federal Cível da Seçăo Judiciária do Amazonas.;;;;;;;;;
21 - Populaçăo judicial do município de Săo Gabriel da Cachoeira-AM: 81.780 habitantes. Processo Judicial nş 1023156-61.2025.4.01.3200 - 09Ş Vara Federal Cível da Seçăo Judiciária do Amazonas.;;;;;;;;;
22 - Populaçăo judicial do município de Săo Paulo de Olivença-AM: 51.115 habitantes. Processo Judicial nş 1004788-38.2024.4.01.3200 - 01Ş Vara Federal Cível da Seçăo Judiciária do Amazonas.;;;;;;;;;
23 - Populaçăo judicial do município de Tonantins-AM: 30.810 habitantes. Processo Judicial nş 1018998-94.2024.4.01.3200 - 03Ş Vara Federal Cível da Seçăo Judiciária do Amazonas.;;;;;;;;;
24 - Populaçăo judicial do município de Uarini-AM: acima de 23.773 habitantes. Processo Judicial nş 1048092-24.2023.4.01.3200 - Plantăo Judicial da Seçăo Judiciária do Amazonas.;;;;;;;;;
25 - Populaçăo judicial do município de Urucará-AM: 30.625 habitantes. Processo Judicial nş 1008620-79.2024.4.01.3200 - 03Ş Vara Federal Cível da Seçăo Judiciária do Amazonas.;;;;;;;;;
26 - Populaçăo judicial do município de Urucurituba-AM: 37.357 habitantes. Processo Judicial nş 1046084-40.2024.4.01.3200 - 09Ş Vara Federal Cível da Seçăo Judiciária do Amazonas.;;;;;;;;;
"27 - Populaçăo judicial do município de Urbano Santos-MA: 53.014 habitantes. Processo Judicial nş 1059620-39.2025.4.01.3700 - 05Ş Vara Federal Cível da Seçăo Judiciária do Maranhăo.

Em 2025:Para o histórico de alteraçőes, consulte o link https://www.ibge.gov.br/estatisticas-novoportal/sociais/populacao/9103-estimativas-de-populacao.html.
";;;;;;;;;
;;;;;;;;;
Legenda;;;;;;;;;
Símbolo;;;;;;;;;
-;;;;;;;;;
0;;;;;;;;;
X;;;;;;;;;
..;;;;;;;;;
...;;;;;;;;;
"A a Z
(exceto X)";;;;;;;;;
