Município/Ano;2015;2016;2017;2018;2019;2020;2021;2022;2023;2024;2025
310010 ABADIA DOS DOURADOS;6;6;5;5;5;6;6;6;8;8;8
310020 ABAETE;37;38;40;43;42;44;48;52;56;60;59
310030 ABRE CAMPO;12;13;14;13;14;13;15;18;20;20;23
310040 ACAIACA;6;5;6;6;6;6;6;6;6;6;7
310050 ACUCENA;9;9;11;10;10;10;10;10;14;14;15
310060 AGUA BOA;9;10;11;11;12;12;14;14;14;23;32
310070 AGUA COMPRIDA;3;3;3;5;5;5;4;4;4;4;5
310080 AGUANIL;4;5;5;5;6;6;6;7;8;9;9
310090 AGUAS FORMOSAS;33;34;33;34;34;29;38;40;43;44;45
310100 AGUAS VERMELHAS;18;18;19;19;19;19;21;19;19;19;20
310110 AIMORES;29;31;32;34;34;35;36;38;40;43;56
310120 AIURUOCA;9;9;9;11;11;11;11;11;13;14;15
310130 ALAGOA;4;4;5;5;5;5;6;6;6;7;9
310140 ALBERTINA;1;1;2;1;3;1;3;4;4;4;4
310150 ALEM PARAIBA;89;88;95;95;100;97;99;110;126;133;137
310160 ALFENAS;187;194;202;209;221;230;237;254;262;280;299
310163 ALFREDO VASCONCELOS;5;5;6;6;1;6;6;7;9;8;8
310170 ALMENARA;41;46;54;58;61;64;67;70;76;78;94
310180 ALPERCATA;7;8;7;7;7;7;7;7;7;7;7
310190 ALPINOPOLIS;38;38;38;37;39;41;42;44;45;45;50
310200 ALTEROSA;28;28;27;25;24;24;36;42;49;52;54
310205 ALTO CAPARAO;7;8;13;13;15;16;17;17;16;16;16
310210 ALTO RIO DOCE;16;16;18;18;17;14;35;35;34;33;34
310220 ALVARENGA;3;4;5;6;6;8;8;8;8;8;8
310230 ALVINOPOLIS;22;22;23;25;27;30;32;33;33;34;38
310240 ALVORADA DE MINAS;9;9;9;9;9;9;9;9;10;10;12
310250 AMPARO DO SERRA;5;5;5;5;5;5;4;4;4;4;5
310260 ANDRADAS;65;66;68;73;77;81;86;91;95;108;110
310270 CACHOEIRA DE PAJEU;12;12;12;12;12;13;12;13;13;14;16
310280 ANDRELANDIA;18;17;19;18;20;21;25;27;26;27;29
310285 ANGELANDIA;8;8;9;9;9;9;9;9;9;10;13
310290 ANTONIO CARLOS;8;8;8;8;11;14;15;16;17;16;20
310300 ANTONIO DIAS;8;9;9;10;11;12;12;13;14;14;14
310310 ANTONIO PRADO DE MINAS;5;4;6;7;7;7;7;7;7;7;7
310320 ARACAI;2;3;3;3;3;3;3;3;4;4;6
310330 ARACITABA;3;3;3;3;1;1;3;3;3;4;6
310340 ARACUAI;60;64;65;70;72;76;82;83;89;93;100
310350 ARAGUARI;170;173;185;200;223;249;275;289;310;347;385
310360 ARANTINA;4;5;5;6;7;9;11;11;11;11;12
310370 ARAPONGA;9;9;9;9;9;9;10;11;12;12;25
310375 ARAPORA;10;8;8;8;9;9;9;11;13;13;13
310380 ARAPUA;5;6;5;5;5;5;5;6;6;6;6
310390 ARAUJOS;9;9;9;10;9;10;9;11;11;14;14
310400 ARAXA;207;258;339;367;403;449;463;493;516;548;580
310410 ARCEBURGO;12;11;12;13;13;14;16;17;17;19;19
310420 ARCOS;76;80;94;96;97;103;107;114;119;121;136
310430 AREADO;18;18;18;20;21;22;25;26;27;25;26
310440 ARGIRITA;4;4;4;4;5;5;5;5;5;5;7
310445 ARICANDUVA;5;6;6;8;8;8;9;8;8;8;8
310450 ARINOS;17;18;19;20;21;23;35;39;42;42;50
310460 ASTOLFO DUTRA;26;27;27;29;43;43;45;43;45;52;54
310470 ATALEIA;9;10;13;13;13;12;12;13;13;15;19
310480 AUGUSTO DE LIMA;2;2;4;4;4;4;4;4;4;6;6
310490 BAEPENDI;39;39;41;41;41;42;44;47;48;47;53
310500 BALDIM;4;4;5;5;6;5;7;10;10;10;10
310510 BAMBUI;32;32;32;44;54;56;66;75;77;80;84
310520 BANDEIRA;4;4;5;6;8;8;10;10;10;10;11
310530 BANDEIRA DO SUL;7;8;11;12;13;12;15;14;14;16;17
310540 BARAO DE COCAIS;36;39;43;47;46;51;85;86;90;92;93
310550 BARAO DE MONTE ALTO;10;10;6;6;6;6;7;7;7;7;9
310560 BARBACENA;521;543;561;575;591;612;658;702;737;754;794
310570 BARRA LONGA;6;6;6;6;6;6;6;6;6;6;7
310590 BARROSO;41;41;47;49;51;53;52;57;58;61;63
310600 BELA VISTA DE MINAS;11;11;14;15;17;18;22;25;27;28;28
310610 BELMIRO BRAGA;8;8;8;7;7;7;10;10;9;9;10
310620 BELO HORIZONTE;5590;5773;6012;6264;6583;5031;5859;6308;6474;7200;7412
310630 BELO ORIENTE;22;22;28;29;29;29;45;44;42;45;47
310640 BELO VALE;11;11;12;13;11;8;8;8;9;8;8
310650 BERILO;10;10;12;13;15;16;17;17;17;16;16
310660 BERTOPOLIS;8;7;7;7;7;7;8;8;8;8;10
310665 BERIZAL;5;6;8;8;8;8;8;8;8;8;9
310670 BETIM;268;279;286;302;329;357;412;439;431;477;464
310680 BIAS FORTES;7;7;5;5;4;5;4;4;4;4;5
310690 BICAS;25;26;29;30;35;37;36;36;35;39;40
310700 BIQUINHAS;4;5;5;5;5;5;5;5;5;6;7
310710 BOA ESPERANCA;119;126;131;133;152;161;172;181;191;201;207
310720 BOCAINA DE MINAS;5;6;7;6;6;7;7;7;7;7;9
310730 BOCAIUVA;45;45;46;53;56;60;63;65;69;74;84
310740 BOM DESPACHO;156;167;178;184;192;194;205;211;204;218;242
310750 BOM JARDIM DE MINAS;10;14;15;16;17;17;19;19;20;27;27
310760 BOM JESUS DA PENHA;5;5;5;5;5;6;6;6;7;7;7
310770 BOM JESUS DO AMPARO;4;5;5;5;6;6;6;6;6;7;7
310780 BOM JESUS DO GALHO;13;13;13;13;13;13;15;17;20;20;20
310790 BOM REPOUSO;13;12;12;13;9;13;17;19;20;20;22
310800 BOM SUCESSO;25;26;27;28;31;29;30;34;33;41;44
310810 BONFIM;10;10;10;11;13;13;12;11;16;16;18
310820 BONFINOPOLIS DE MINAS;8;7;7;10;10;11;12;11;13;13;16
310825 BONITO DE MINAS;8;9;12;12;12;14;15;17;17;20;21
310830 BORDA DA MATA;30;31;30;30;36;38;39;40;40;43;47
310840 BOTELHOS;16;17;17;16;17;18;20;21;21;24;25
310850 BOTUMIRIM;6;6;6;6;6;6;7;7;7;8;9
310855 BRASILANDIA DE MINAS;21;23;22;23;23;18;21;33;35;35;27
310860 BRASILIA DE MINAS;43;42;46;49;52;53;57;60;61;67;71
310870 BRAS PIRES;9;10;10;10;10;10;11;11;11;12;17
310880 BRAUNAS;4;4;4;5;5;5;5;6;2;7;7
310890 BRAZOPOLIS;25;25;26;25;24;29;30;29;30;34;36
310900 BRUMADINHO;78;80;87;93;98;105;109;108;112;121;127
310910 BUENO BRANDAO;20;21;23;24;25;26;27;28;31;31;32
310920 BUENOPOLIS;8;10;11;11;11;10;10;9;10;11;14
310925 BUGRE;8;7;7;7;8;8;9;10;10;11;10
310930 BURITIS;32;29;30;30;32;33;35;40;40;42;48
310940 BURITIZEIRO;20;21;21;21;21;22;24;26;30;41;44
310945 CABECEIRA GRANDE;2;3;3;3;3;3;8;9;10;10;11
310950 CABO VERDE;12;12;15;15;17;18;19;20;22;24;24
310960 CACHOEIRA DA PRATA;2;2;3;3;3;3;5;7;7;7;8
310970 CACHOEIRA DE MINAS;18;17;19;21;13;13;14;15;17;17;17
310980 CACHOEIRA DOURADA;5;5;5;5;5;5;5;5;5;5;7
310990 CAETANOPOLIS;5;5;5;5;7;7;8;10;17;18;21
311000 CAETE;48;50;52;55;60;61;64;65;51;53;58
311010 CAIANA;8;9;9;9;9;10;10;10;10;10;9
311020 CAJURI;4;4;4;4;4;4;5;5;6;6;9
311030 CALDAS;12;12;12;15;17;17;20;23;27;27;31
311040 CAMACHO;7;8;8;9;9;9;10;12;10;10;10
311050 CAMANDUCAIA;29;29;28;29;34;35;38;44;50;56;48
311060 CAMBUI;67;80;104;107;105;119;123;132;138;155;159
311070 CAMBUQUIRA;19;19;22;22;23;22;24;24;26;26;26
311080 CAMPANARIO;5;5;5;5;5;5;6;7;7;7;7
311090 CAMPANHA;33;35;34;39;43;41;45;47;46;45;48
311100 CAMPESTRE;35;34;40;40;39;47;49;49;51;51;54
311110 CAMPINA VERDE;45;47;43;50;52;56;57;57;61;63;62
311115 CAMPO AZUL;4;4;4;5;5;5;7;7;8;8;9
311120 CAMPO BELO;120;137;143;153;175;184;195;208;226;232;253
311130 CAMPO DO MEIO;11;11;11;11;11;13;17;16;16;19;21
311140 CAMPO FLORIDO;9;9;11;10;11;11;12;9;10;11;12
311150 CAMPOS ALTOS;17;20;22;24;25;26;26;27;27;27;28
311160 CAMPOS GERAIS;31;36;42;40;45;56;56;61;49;52;49
311170 CANAA;5;5;5;5;6;6;7;7;10;11;16
311180 CANAPOLIS;13;13;13;13;13;13;24;23;23;23;21
311190 CANA VERDE;7;7;7;7;5;7;7;9;10;10;10
311200 CANDEIAS;27;31;35;36;38;37;40;38;41;42;45
311205 CANTAGALO;4;4;4;4;4;4;4;5;5;5;6
311210 CAPARAO;6;6;6;6;6;6;7;7;7;7;9
311220 CAPELA NOVA;7;6;7;7;8;7;7;7;7;7;7
311230 CAPELINHA;61;70;76;81;83;89;96;99;107;112;125
311240 CAPETINGA;13;12;12;12;12;12;12;12;12;12;13
311250 CAPIM BRANCO;6;6;6;6;7;8;8;8;9;12;12
311260 CAPINOPOLIS;17;17;18;19;19;20;21;21;21;26;28
311265 CAPITAO ANDRADE;4;4;4;6;6;6;6;7;7;7;7
311270 CAPITAO ENEAS;21;21;21;23;23;23;24;23;24;21;20
311280 CAPITOLIO;14;14;12;12;13;12;12;12;13;12;15
311290 CAPUTIRA;10;10;9;10;12;12;12;12;12;13;14
311300 CARAI;18;18;18;19;18;18;19;19;20;22;24
311310 CARANAIBA;4;4;4;4;4;4;4;5;5;5;5
311320 CARANDAI;50;51;61;67;74;82;91;93;97;103;110
311330 CARANGOLA;82;86;85;88;72;39;97;112;123;132;140
311340 CARATINGA;234;248;260;260;268;266;270;272;276;288;297
311350 CARBONITA;24;24;25;25;25;25;25;25;25;23;25
311360 CAREACU;10;2;10;11;11;11;14;17;17;17;19
311370 CARLOS CHAGAS;27;25;26;27;24;26;26;26;28;31;35
311380 CARMESIA;5;5;5;4;4;3;4;4;4;4;5
311390 CARMO DA CACHOEIRA;12;10;14;15;11;12;14;15;16;16;17
311400 CARMO DA MATA;13;13;14;14;13;14;14;14;13;13;15
311410 CARMO DE MINAS;14;15;16;19;21;21;24;29;33;32;35
311420 CARMO DO CAJURU;23;18;18;20;22;22;21;20;22;24;26
311430 CARMO DO PARANAIBA;78;98;104;105;107;127;130;138;138;142;151
311440 CARMO DO RIO CLARO;29;30;28;31;31;34;37;42;49;53;55
311450 CARMOPOLIS DE MINAS;24;26;28;38;48;58;60;71;77;78;79
311455 CARNEIRINHO;18;16;16;16;17;17;18;20;20;20;21
311460 CARRANCAS;4;4;4;4;5;5;5;5;5;5;5
311470 CARVALHOPOLIS;3;3;4;4;6;6;7;7;7;10;11
311480 CARVALHOS;6;6;6;6;5;5;6;8;8;9;9
311490 CASA GRANDE;3;3;3;3;2;2;2;2;2;2;2
311500 CASCALHO RICO;2;2;2;2;2;2;2;3;3;3;3
311510 CASSIA;22;23;25;25;26;30;29;33;34;40;44
311520 CONCEICAO DA BARRA DE MINAS;5;6;6;6;7;7;8;8;8;8;8
311530 CATAGUASES;227;255;283;296;312;321;336;349;370;385;425
311535 CATAS ALTAS;6;6;8;9;11;14;15;14;17;19;20
311540 CATAS ALTAS DA NORUEGA;3;3;3;3;3;3;3;2;4;4;5
311545 CATUJI;6;5;5;7;8;8;10;9;11;11;11
311547 CATUTI;8;8;9;9;9;9;10;11;10;11;12
311550 CAXAMBU;66;67;68;72;78;80;92;93;94;96;99
311560 CEDRO DO ABAETE;6;6;6;7;7;7;7;8;9;9;8
311570 CENTRAL DE MINAS;9;9;10;10;10;10;10;10;10;11;10
311580 CENTRALINA;11;11;10;11;12;10;10;12;12;12;14
311590 CHACARA;4;4;4;4;4;4;5;5;5;5;4
311600 CHALE;8;9;11;11;11;11;12;12;12;12;14
311610 CHAPADA DO NORTE;13;13;13;13;14;14;15;16;18;20;23
311615 CHAPADA GAUCHA;9;9;10;11;12;12;21;22;17;26;28
311620 CHIADOR;6;6;5;5;5;5;5;5;5;5;5
311630 CIPOTANEA;9;11;11;11;10;12;16;16;16;19;19
311640 CLARAVAL;4;4;4;5;5;5;5;5;5;5;5
311650 CLARO DOS POCOES;12;13;12;13;12;12;12;13;12;13;13
311660 CLAUDIO;43;44;45;48;54;59;63;64;66;73;85
311670 COIMBRA;4;5;5;6;6;6;6;7;7;10;10
311680 COLUNA;6;6;7;8;8;8;18;18;19;19;22
311690 COMENDADOR GOMES;3;3;3;3;3;3;3;4;6;6;5
311700 COMERCINHO;8;8;8;8;8;8;8;8;8;8;8
311710 CONCEICAO DA APARECIDA;11;11;10;11;12;14;38;39;37;37;36
311720 CONCEICAO DAS PEDRAS;6;6;6;6;6;6;5;5;5;5;5
311730 CONCEICAO DAS ALAGOAS;27;26;30;27;34;34;38;38;40;42;45
311740 CONCEICAO DE IPANEMA;5;5;5;6;6;6;7;9;9;9;10
311750 CONCEICAO DO MATO DENTRO;33;33;33;34;35;39;47;49;53;62;76
311760 CONCEICAO DO PARA;8;8;8;8;8;8;8;11;10;10;12
311770 CONCEICAO DO RIO VERDE;19;21;23;24;27;34;36;39;42;50;56
311780 CONCEICAO DOS OUROS;14;15;18;17;17;18;20;23;23;28;28
311783 CONEGO MARINHO;6;7;10;10;10;10;10;11;11;11;11
311787 CONFINS;6;6;9;9;10;10;15;17;21;20;22
311790 CONGONHAL;15;18;18;19;22;22;22;29;32;36;44
311800 CONGONHAS;126;131;136;142;147;149;153;159;165;171;177
311810 CONGONHAS DO NORTE;8;9;9;9;9;10;10;10;10;11;12
311820 CONQUISTA;12;13;11;12;13;13;13;15;15;15;17
311830 CONSELHEIRO LAFAIETE;411;410;409;409;426;437;455;468;423;346;366
311840 CONSELHEIRO PENA;19;20;20;21;21;22;25;30;34;33;36
311850 CONSOLACAO;4;4;5;5;2;1;1;3;1;5;6
311860 CONTAGEM;794;813;830;828;867;808;890;829;831;916;987
311870 COQUEIRAL;14;14;15;17;17;18;19;20;22;23;25
311880 CORACAO DE JESUS;25;28;29;42;44;44;40;43;44;46;49
311890 CORDISBURGO;12;12;12;10;9;9;9;8;9;9;11
311900 CORDISLANDIA;6;6;6;6;6;6;6;6;6;6;8
311910 CORINTO;37;38;39;40;38;39;43;43;45;48;43
311920 COROACI;9;9;9;9;8;8;8;8;8;9;11
311930 COROMANDEL;40;42;44;55;62;60;93;91;90;91;92
311940 CORONEL FABRICIANO;127;138;149;148;152;116;144;168;178;202;224
311950 CORONEL MURTA;8;8;9;9;9;9;9;9;9;9;8
311960 CORONEL PACHECO;5;5;5;5;5;5;5;5;5;5;8
311970 CORONEL XAVIER CHAVES;6;6;6;6;7;7;7;8;8;7;7
311980 CORREGO DANTA;8;8;8;9;10;9;11;11;9;10;11
311990 CORREGO DO BOM JESUS;1;4;4;1;4;4;4;1;3;3;3
311995 CORREGO FUNDO;5;5;5;5;6;7;8;9;9;10;10
312000 CORREGO NOVO;4;4;4;4;4;4;4;4;5;5;5
312010 COUTO DE MAGALHAES DE MINAS;2;2;3;3;3;3;3;5;5;5;5
312015 CRISOLITA;4;6;6;6;7;7;7;7;7;7;9
312020 CRISTAIS;20;20;18;19;19;19;21;21;24;25;29
312030 CRISTALIA;7;7;8;8;8;8;8;8;8;8;8
312040 CRISTIANO OTONI;5;5;5;5;5;5;5;5;5;6;6
312050 CRISTINA;25;25;25;23;27;27;27;27;27;23;27
312060 CRUCILANDIA;7;10;10;10;9;9;11;11;12;12;13
312070 CRUZEIRO DA FORTALEZA;7;7;6;6;7;7;7;9;9;8;9
312080 CRUZILIA;27;30;30;30;30;31;34;33;32;32;36
312083 CUPARAQUE;6;6;8;8;8;9;9;8;10;11;11
312087 CURRAL DE DENTRO;7;7;7;7;9;9;9;10;11;12;12
312090 CURVELO;141;151;160;173;166;178;196;213;227;244;267
312100 DATAS;9;10;10;8;8;8;9;14;14;18;18
312110 DELFIM MOREIRA;12;11;12;15;15;16;18;20;17;22;20
312120 DELFINOPOLIS;11;10;10;11;12;12;12;13;13;12;13
312125 DELTA;6;3;6;7;7;8;8;9;10;10;12
312130 DESCOBERTO;6;7;7;7;7;7;7;11;12;12;12
312140 DESTERRO DE ENTRE RIOS;15;16;17;18;19;19;22;23;23;22;23
312150 DESTERRO DO MELO;5;5;6;6;7;8;8;8;8;8;9
312160 DIAMANTINA;105;126;146;154;165;175;188;199;206;219;234
312170 DIOGO DE VASCONCELOS;4;4;4;4;8;8;8;8;8;9;11
312180 DIONISIO;8;7;8;8;8;8;8;10;11;12;14
312190 DIVINESIA;4;5;5;5;5;5;5;5;10;10;11
312200 DIVINO;23;22;25;26;27;27;51;51;54;60;66
312210 DIVINO DAS LARANJEIRAS;8;8;8;7;7;7;7;8;8;8;11
312220 DIVINOLANDIA DE MINAS;8;7;9;9;9;9;10;14;16;18;19
312230 DIVINOPOLIS;653;707;785;841;892;923;960;1039;1091;1133;1197
312235 DIVISA ALEGRE;7;8;8;9;10;12;12;12;12;14;15
312240 DIVISA NOVA;7;8;8;9;9;9;11;11;11;11;11
312245 DIVISOPOLIS;10;10;9;10;12;12;11;11;12;12;15
312247 DOM BOSCO;4;4;4;4;4;4;5;7;9;11;11
312250 DOM CAVATI;6;7;7;7;7;9;8;11;12;12;15
312260 DOM JOAQUIM;5;5;7;7;7;7;7;7;7;7;7
312270 DOM SILVERIO;10;11;11;14;14;14;13;14;14;14;16
312280 DOM VICOSO;7;8;8;9;9;9;10;10;10;10;12
312290 DONA EUSEBIA;5;5;5;5;5;5;5;5;5;5;7
312300 DORES DE CAMPOS;10;12;14;16;17;17;17;18;18;17;18
312310 DORES DE GUANHAES;6;6;5;6;7;8;8;9;9;9;10
312320 DORES DO INDAIA;23;23;26;26;27;27;29;31;34;38;41
312330 DORES DO TURVO;6;6;6;4;1;7;7;8;8;8;10
312340 DORESOPOLIS;5;1;5;5;5;5;5;6;6;7;6
312350 DOURADOQUARA;3;1;1;3;3;3;3;3;3;4;4
312352 DURANDE;6;8;8;8;8;8;8;9;8;9;9
312360 ELOI MENDES;51;53;53;53;58;63;107;113;108;110;114
312370 ENGENHEIRO CALDAS;15;15;15;15;22;23;23;27;27;27;28
312380 ENGENHEIRO NAVARRO;6;5;6;7;8;8;9;9;11;11;12
312385 ENTRE FOLHAS;4;4;4;4;4;4;5;6;5;6;7
312390 ENTRE RIOS DE MINAS;32;31;27;33;32;32;40;39;40;42;44
312400 ERVALIA;16;18;19;19;22;21;21;24;26;30;37
312410 ESMERALDAS;49;52;52;52;56;56;63;63;66;69;74
312420 ESPERA FELIZ;22;22;25;25;26;28;32;36;36;40;43
312430 ESPINOSA;23;23;23;27;28;31;35;38;54;58;63
312440 ESPIRITO SANTO DO DOURADO;7;8;8;8;9;9;9;9;10;10;9
312450 ESTIVA;9;10;10;11;10;12;15;15;15;14;15
312460 ESTRELA DALVA;4;4;4;4;4;4;4;4;4;4;5
312470 ESTRELA DO INDAIA;8;8;8;9;10;10;10;10;10;12;13
312480 ESTRELA DO SUL;6;7;7;9;8;8;9;10;10;9;9
312490 EUGENOPOLIS;15;16;16;16;16;18;19;19;21;22;36
312500 EWBANK DA CAMARA;4;4;4;4;4;4;4;4;4;4;5
312510 EXTREMA;90;91;94;104;112;128;143;153;153;162;177
312520 FAMA;1;1;2;2;2;2;6;6;6;6;8
312530 FARIA LEMOS;3;3;3;3;3;3;4;5;7;7;7
312540 FELICIO DOS SANTOS;4;4;5;5;5;6;6;7;7;7;7
312550 SAO GONCALO DO RIO PRETO;5;5;5;4;6;5;6;7;8;7;11
312560 FELISBURGO;8;9;9;10;11;11;11;12;12;12;12
312570 FELIXLANDIA;17;18;20;20;20;22;29;31;32;32;36
312580 FERNANDES TOURINHO;4;5;5;5;5;5;5;5;5;5;13
312590 FERROS;8;8;8;8;10;12;13;15;17;20;23
312595 FERVEDOURO;10;10;12;13;13;15;16;16;16;16;18
312600 FLORESTAL;18;17;21;24;25;25;25;24;25;28;30
312610 FORMIGA;147;154;159;167;179;191;204;209;219;235;247
312620 FORMOSO;5;5;6;6;6;6;6;8;8;8;10
312630 FORTALEZA DE MINAS;7;7;7;7;7;6;6;6;6;6;6
312640 FORTUNA DE MINAS;5;5;5;5;5;6;7;7;6;6;6
312650 FRANCISCO BADARO;14;15;16;16;17;18;18;18;24;23;26
312660 FRANCISCO DUMONT;6;7;7;9;9;9;9;10;10;9;9
312670 FRANCISCO SA;23;23;23;25;26;27;28;28;29;31;36
312675 FRANCISCOPOLIS;4;4;4;4;4;4;5;5;5;6;6
312680 FREI GASPAR;4;4;4;5;5;5;5;5;5;4;6
312690 FREI INOCENCIO;8;8;8;8;8;8;8;9;11;11;13
312695 FREI LAGONEGRO;3;3;3;3;3;4;4;4;4;4;5
312700 FRONTEIRA;17;18;21;22;20;24;25;23;24;25;26
312705 FRONTEIRA DOS VALES;4;4;2;4;4;4;4;4;4;4;4
312707 FRUTA DE LEITE;7;7;7;7;7;7;7;7;7;8;8
312710 FRUTAL;122;127;135;145;148;167;206;210;226;246;246
312720 FUNILANDIA;7;7;8;9;9;9;9;9;9;10;13
312730 GALILEIA;8;8;8;8;8;8;8;10;10;10;10
312733 GAMELEIRAS;8;8;8;8;8;8;8;8;8;9;10
312735 GLAUCILANDIA;7;8;8;8;9;9;9;9;9;9;10
312737 GOIABEIRA;4;5;7;7;7;7;8;13;13;12;12
312738 GOIANA;7;7;6;6;7;7;7;7;7;11;11
312740 GONCALVES;6;5;4;5;4;6;6;6;5;6;6
312750 GONZAGA;7;7;7;7;7;6;6;6;7;8;8
312760 GOUVEIA;15;15;15;15;17;17;18;19;19;19;21
312770 GOVERNADOR VALADARES;693;740;768;806;772;795;817;843;882;917;975
312780 GRAO MOGOL;17;18;20;20;19;19;18;19;19;20;21
312790 GRUPIARA;5;5;5;5;5;5;5;5;5;5;6
312800 GUANHAES;46;52;53;57;62;69;74;78;81;99;103
312810 GUAPE;13;12;14;14;15;16;16;16;16;16;17
312820 GUARACIABA;11;11;11;11;12;12;12;11;12;12;15
312825 GUARACIAMA;4;4;5;5;4;4;5;5;5;5;5
312830 GUARANESIA;22;25;26;26;29;30;34;37;36;39;42
312840 GUARANI;14;14;15;15;17;12;12;12;12;12;12
312850 GUARARA;6;7;8;8;8;8;8;8;8;8;9
312860 GUARDA-MOR;10;10;10;10;12;12;14;15;14;18;20
312870 GUAXUPE;134;140;144;161;181;187;210;228;246;263;302
312880 GUIDOVAL;8;8;8;8;9;9;16;15;16;17;17
312890 GUIMARANIA;11;11;11;11;13;9;9;17;18;18;18
312900 GUIRICEMA;18;16;16;11;11;10;10;10;10;11;25
312910 GURINHATA;8;8;9;10;10;9;9;9;9;9;10
312920 HELIODORA;6;6;6;8;8;8;8;9;10;20;21
312930 IAPU;7;8;8;9;9;10;9;9;9;9;11
312940 IBERTIOGA;6;7;7;7;8;8;11;12;13;13;16
312950 IBIA;48;50;51;52;72;80;83;84;86;91;93
312960 IBIAI;15;14;14;14;15;16;17;15;15;15;14
312965 IBIRACATU;5;6;7;7;7;7;7;7;7;7;7
312970 IBIRACI;16;17;17;17;17;19;19;19;20;21;23
312980 IBIRITE;63;65;71;75;75;82;87;86;88;93;93
312990 IBITIURA DE MINAS;4;4;3;3;4;5;5;5;5;5;5
313000 IBITURUNA;2;2;2;2;2;2;2;3;4;4;4
313005 ICARAI DE MINAS;8;8;8;11;10;12;12;12;12;12;13
313010 IGARAPE;36;37;38;39;41;45;49;53;50;55;63
313020 IGARATINGA;6;8;10;11;11;10;10;10;11;13;13
313030 IGUATAMA;7;9;10;11;12;13;13;12;12;13;14
313040 IJACI;4;4;4;4;6;7;14;15;17;16;17
313050 ILICINEA;16;16;17;18;18;16;20;21;21;24;29
313055 IMBE DE MINAS;6;6;6;6;7;7;6;6;6;6;9
313060 INCONFIDENTES;5;5;5;5;4;6;6;6;5;5;8
313065 INDAIABIRA;13;13;14;15;15;15;15;15;15;15;15
313070 INDIANOPOLIS;7;6;6;7;7;7;7;7;8;8;9
313080 INGAI;3;4;4;4;3;3;4;4;4;5;5
313090 INHAPIM;35;36;38;38;42;41;45;48;50;54;57
313100 INHAUMA;6;6;7;7;7;7;7;9;10;10;10
313110 INIMUTABA;6;6;6;5;6;6;7;7;9;10;10
313115 IPABA;13;13;14;13;13;15;15;16;18;18;23
313120 IPANEMA;31;34;35;35;39;41;44;47;47;47;39
313130 IPATINGA;503;510;535;572;621;645;671;705;706;780;863
313140 IPIACU;4;4;4;4;4;4;4;4;6;6;9
313150 IPUIUNA;18;18;19;19;19;19;23;25;26;29;27
313160 IRAI DE MINAS;7;6;6;6;8;8;8;9;8;8;8
313170 ITABIRA;482;506;554;589;609;626;662;679;684;702;727
313180 ITABIRINHA;10;9;9;9;9;9;12;13;14;16;18
313190 ITABIRITO;99;102;112;117;123;133;134;139;152;156;162
313200 ITACAMBIRA;6;6;6;6;6;6;7;11;11;11;11
313210 ITACARAMBI;22;23;23;23;23;24;26;29;28;28;29
313220 ITAGUARA;20;22;25;24;24;25;27;27;29;30;33
313230 ITAIPE;6;9;8;8;8;8;10;10;10;11;13
313240 ITAJUBA;300;317;338;381;435;470;485;525;517;557;615
313250 ITAMARANDIBA;50;51;54;56;56;54;61;62;64;69;73
313260 ITAMARATI DE MINAS;7;7;7;7;7;7;7;11;11;11;14
313270 ITAMBACURI;33;34;35;36;39;36;36;38;39;40;48
313280 ITAMBE DO MATO DENTRO;2;1;2;1;1;1;3;3;4;5;7
313290 ITAMOGI;20;22;23;26;25;22;23;19;19;20;20
313300 ITAMONTE;24;25;26;30;30;31;33;35;35;41;42
313310 ITANHANDU;43;42;42;46;53;54;61;67;99;104;116
313320 ITANHOMI;13;13;14;14;14;14;14;19;19;19;20
313330 ITAOBIM;31;35;36;36;39;39;45;46;50;55;59
313340 ITAPAGIPE;20;25;30;32;33;34;34;35;36;40;45
313350 ITAPECERICA;29;28;33;35;35;38;43;50;49;51;54
313360 ITAPEVA;9;10;12;12;13;13;14;15;15;15;15
313370 ITATIAIUCU;13;15;16;16;16;16;15;18;17;18;26
313375 ITAU DE MINAS;21;29;30;35;40;42;45;47;51;52;53
313380 ITAUNA;303;316;323;328;363;380;397;402;426;290;329
313390 ITAVERAVA;3;3;3;3;6;6;8;9;9;9;9
313400 ITINGA;10;12;12;12;12;13;17;19;20;19;20
313410 ITUETA;4;5;5;5;5;5;6;8;7;7;7
313420 ITUIUTABA;159;163;179;186;221;254;277;297;322;349;355
313430 ITUMIRIM;7;7;7;8;9;9;9;9;10;11;12
313440 ITURAMA;65;72;77;80;85;91;98;108;113;123;134
313450 ITUTINGA;5;5;6;6;6;6;7;7;7;7;9
313460 JABOTICATUBAS;15;17;18;20;22;23;32;33;33;33;32
313470 JACINTO;16;18;18;18;18;19;19;22;22;21;27
313480 JACUI;14;14;14;13;15;15;16;16;16;16;16
313490 JACUTINGA;55;55;57;52;34;40;41;46;32;40;72
313500 JAGUARACU;6;6;7;6;6;6;6;6;6;6;6
313505 JAIBA;26;27;30;35;37;38;40;40;46;47;55
313507 JAMPRUCA;3;3;4;4;3;3;3;3;3;3;4
313510 JANAUBA;91;95;97;101;118;123;134;133;145;163;174
313520 JANUARIA;107;111;113;117;118;124;133;137;136;142;167
313530 JAPARAIBA;4;4;6;6;6;6;13;13;13;13;14
313535 JAPONVAR;14;14;14;14;14;14;17;17;18;17;18
313540 JECEABA;12;12;12;11;10;10;11;13;13;13;11
313545 JENIPAPO DE MINAS;8;8;8;8;8;8;11;10;10;11;14
313550 JEQUERI;17;18;18;18;18;16;22;26;27;28;26
313560 JEQUITAI;12;12;12;12;12;12;14;16;16;16;17
313570 JEQUITIBA;3;3;3;4;5;6;8;9;10;10;11
313580 JEQUITINHONHA;30;33;39;39;38;41;42;42;42;42;43
313590 JESUANIA;7;8;8;8;6;5;5;5;6;8;11
313600 JOAIMA;15;15;13;16;17;19;21;21;22;23;27
313610 JOANESIA;5;5;5;5;5;5;5;5;5;6;8
313620 JOAO MONLEVADE;290;299;327;344;347;357;371;385;380;398;408
313630 JOAO PINHEIRO;60;62;66;70;82;91;96;101;96;101;115
313640 JOAQUIM FELICIO;5;6;6;6;7;7;6;7;10;11;11
313650 JORDANIA;11;11;12;12;14;15;23;23;22;22;20
313652 JOSE GONCALVES DE MINAS;6;6;7;6;8;8;8;9;9;10;10
313655 JOSE RAYDAN;6;5;5;7;7;6;6;6;6;5;6
313657 JOSENOPOLIS;4;4;4;5;5;5;5;5;5;5;5
313660 NOVA UNIAO;4;4;7;7;6;7;7;7;6;7;7
313665 JUATUBA;32;35;36;38;39;46;64;65;67;77;80
313670 JUIZ DE FORA;1240;1302;1402;1483;1545;1582;1637;1753;1838;1949;2039
313680 JURAMENTO;6;7;7;7;7;7;7;6;7;8;9
313690 JURUAIA;14;17;17;18;20;22;24;28;29;30;32
313695 JUVENILIA;5;5;6;6;6;6;6;6;6;7;8
313700 LADAINHA;12;11;13;13;17;20;20;20;20;21;23
313710 LAGAMAR;16;16;16;17;17;15;18;20;18;19;23
313720 LAGOA DA PRATA;68;75;78;78;78;85;123;128;127;148;152
313730 LAGOA DOS PATOS;7;7;7;8;8;8;8;8;8;8;8
313740 LAGOA DOURADA;9;9;9;11;14;16;15;18;18;16;17
313750 LAGOA FORMOSA;42;43;44;48;50;51;51;55;63;67;74
313753 LAGOA GRANDE;16;16;16;16;16;16;18;21;21;22;23
313760 LAGOA SANTA;100;107;115;127;137;143;144;150;181;219;240
313770 LAJINHA;17;17;17;18;19;19;19;26;30;31;33
313780 LAMBARI;34;37;40;40;41;42;49;52;51;52;61
313790 LAMIM;5;5;5;2;5;5;4;4;4;4;4
313800 LARANJAL;15;15;15;15;16;21;23;23;24;26;27
313810 LASSANCE;7;9;9;9;9;12;14;17;18;19;20
313820 LAVRAS;451;455;484;504;530;546;570;615;636;677;707
313830 LEANDRO FERREIRA;5;5;5;5;5;6;6;6;7;7;8
313835 LEME DO PRADO;9;10;11;11;11;11;11;12;9;10;11
313840 LEOPOLDINA;115;119;121;129;131;51;142;153;145;175;195
313850 LIBERDADE;7;6;7;7;8;8;10;11;13;17;19
313860 LIMA DUARTE;29;31;33;34;34;34;40;39;32;33;41
313862 LIMEIRA DO OESTE;16;16;16;15;16;16;20;20;21;20;22
313865 LONTRA;10;12;12;14;14;14;14;15;16;16;16
313867 LUISBURGO;3;4;5;6;6;7;8;8;9;11;12
313868 LUISLANDIA;6;5;6;7;8;8;8;8;8;8;8
313870 LUMINARIAS;5;6;7;7;7;7;7;8;9;9;10
313880 LUZ;32;31;34;35;39;37;37;39;40;39;39
313890 MACHACALIS;11;11;12;15;15;16;16;15;15;15;15
313900 MACHADO;112;92;96;100;135;137;153;162;171;174;166
313910 MADRE DE DEUS DE MINAS;5;5;5;5;5;5;5;5;8;8;8
313920 MALACACHETA;23;24;25;24;23;25;26;25;26;28;29
313925 MAMONAS;8;8;10;10;10;11;11;11;11;11;13
313930 MANGA;17;17;17;19;21;24;24;25;27;27;32
313940 MANHUACU;342;371;401;436;478;524;569;600;646;705;761
313950 MANHUMIRIM;26;35;41;41;49;46;55;62;66;73;76
313960 MANTENA;25;28;31;30;33;40;51;59;66;69;69
313970 MARAVILHAS;4;5;5;5;5;5;6;6;8;11;14
313980 MAR DE ESPANHA;10;13;13;15;17;18;22;23;20;21;21
313990 MARIA DA FE;27;26;27;32;32;36;37;39;37;38;39
314000 MARIANA;92;98;116;133;139;147;165;172;181;180;201
314010 MARILAC;5;5;5;5;5;5;5;5;5;5;6
314015 MARIO CAMPOS;10;10;11;11;11;12;16;16;16;16;16
314020 MARIPA DE MINAS;5;5;5;5;5;5;5;5;5;5;5
314030 MARLIERIA;4;4;4;4;4;4;3;3;4;4;4
314040 MARMELOPOLIS;6;6;6;6;2;5;5;5;5;6;6
314050 MARTINHO CAMPOS;24;24;25;27;30;34;40;40;36;38;41
314053 MARTINS SOARES;6;8;8;8;6;7;8;8;9;9;12
314055 MATA VERDE;3;3;3;3;3;4;5;5;9;10;12
314060 MATERLANDIA;4;4;4;4;4;4;6;6;6;6;8
314070 MATEUS LEME;64;61;59;68;92;93;104;115;128;133;150
314080 MATIAS BARBOSA;19;19;20;20;21;21;23;24;25;27;29
314085 MATIAS CARDOSO;12;12;12;12;12;12;12;14;15;16;17
314090 MATIPO;20;20;22;22;30;33;35;38;41;44;49
314100 MATO VERDE;14;18;21;22;24;27;27;28;32;36;43
314110 MATOZINHOS;29;28;33;34;39;36;36;39;40;44;43
314120 MATUTINA;11;11;12;12;12;12;13;15;15;15;13
314130 MEDEIROS;6;6;6;6;6;6;7;7;9;9;10
314140 MEDINA;20;20;22;22;22;25;26;27;28;27;29
314150 MENDES PIMENTEL;7;7;7;7;8;8;8;8;9;9;9
314160 MERCES;19;20;20;21;16;16;18;18;22;23;25
314170 MESQUITA;5;5;5;5;5;6;8;7;7;7;8
314180 MINAS NOVAS;29;31;37;39;38;40;42;45;48;54;58
314190 MINDURI;8;8;8;8;8;8;8;9;9;9;9
314200 MIRABELA;14;13;13;16;18;18;22;23;21;21;23
314210 MIRADOURO;13;12;12;11;13;15;16;18;19;18;19
314220 MIRAI;22;23;21;23;26;27;29;29;29;30;37
314225 MIRAVANIA;10;10;10;12;14;15;13;13;13;13;12
314230 MOEDA;5;6;6;6;6;6;6;6;6;6;8
314240 MOEMA;12;12;11;12;14;15;15;15;16;16;17
314250 MONJOLOS;6;6;6;6;6;6;6;7;7;7;7
314260 MONSENHOR PAULO;13;12;14;14;16;16;17;19;19;19;20
314270 MONTALVANIA;15;15;17;18;18;18;17;16;16;17;18
314280 MONTE ALEGRE DE MINAS;13;13;13;14;14;14;14;17;18;18;19
314290 MONTE AZUL;27;27;30;32;36;38;39;38;39;41;45
314300 MONTE BELO;16;17;18;20;20;23;35;38;38;36;38
314310 MONTE CARMELO;50;53;58;63;72;73;84;88;87;94;104
314315 MONTE FORMOSO;3;3;4;2;6;6;7;7;7;7;8
314320 MONTE SANTO DE MINAS;31;34;35;36;34;39;42;43;47;51;54
314330 MONTES CLAROS;615;641;656;689;723;766;819;864;869;927;974
314340 MONTE SIAO;49;50;52;53;54;60;61;63;61;65;68
314345 MONTEZUMA;11;11;11;11;11;11;15;15;15;15;15
314350 MORADA NOVA DE MINAS;13;13;14;14;13;15;15;16;16;18;18
314360 MORRO DA GARCA;3;3;3;3;3;3;3;3;3;3;4
314370 MORRO DO PILAR;3;2;2;2;2;3;3;3;3;3;4
314380 MUNHOZ;5;4;5;5;6;7;7;7;7;8;9
314390 MURIAE;207;217;228;235;246;269;287;295;295;312;334
314400 MUTUM;27;27;29;32;33;34;37;42;44;49;54
314410 MUZAMBINHO;37;36;40;45;45;50;63;64;63;63;71
314420 NACIP RAYDAN;3;4;4;5;5;5;5;5;5;6;5
314430 NANUQUE;66;65;70;74;72;74;84;91;96;98;106
314435 NAQUE;4;5;5;5;6;7;8;10;10;12;14
314437 NATALANDIA;3;3;3;3;3;3;3;3;3;3;3
314440 NATERCIA;6;6;6;6;7;8;8;9;9;10;11
314450 NAZARENO;13;12;14;13;15;15;15;15;16;17;19
314460 NEPOMUCENO;34;33;35;36;34;33;37;39;44;43;46
314465 NINHEIRA;10;10;11;11;12;12;14;14;14;18;19
314467 NOVA BELEM;5;7;7;7;6;8;9;10;10;10;10
314470 NOVA ERA;36;35;40;44;48;46;46;47;47;49;50
314480 NOVA LIMA;169;173;197;213;227;245;267;293;347;388;422
314490 NOVA MODICA;4;4;4;4;4;4;4;4;4;4;4
314500 NOVA PONTE;18;19;20;22;23;22;28;29;30;33;32
314505 NOVA PORTEIRINHA;8;9;8;8;8;8;9;9;9;10;10
314510 NOVA RESENDE;19;20;23;25;25;30;30;30;30;30;33
314520 NOVA SERRANA;50;50;64;77;88;98;132;143;163;170;198
314530 NOVO CRUZEIRO;26;29;29;30;30;30;31;35;36;38;41
314535 NOVO ORIENTE DE MINAS;10;10;12;11;11;11;11;10;11;11;12
314537 NOVORIZONTE;6;6;5;5;5;5;6;6;6;6;7
314540 OLARIA;5;5;5;5;5;5;5;5;5;5;6
314545 OLHOS-D'AGUA;5;5;7;8;9;9;10;10;10;9;9
314550 OLIMPIO NORONHA;1;5;5;5;4;4;10;11;11;11;12
314560 OLIVEIRA;74;75;84;87;89;93;96;110;115;123;131
314570 OLIVEIRA FORTES;2;2;2;2;3;3;3;3;3;3;3
314580 ONCA DE PITANGUI;9;9;9;7;7;7;7;7;7;7;8
314585 ORATORIOS;6;8;7;7;6;7;7;7;7;8;8
314587 ORIZANIA;8;8;8;9;9;9;9;10;11;11;13
314590 OURO BRANCO;111;109;114;93;90;92;104;111;119;151;162
314600 OURO FINO;77;82;83;86;90;95;91;96;101;108;112
314610 OURO PRETO;143;152;161;179;187;192;198;198;203;216;229
314620 OURO VERDE DE MINAS;5;5;5;5;5;6;8;10;12;12;13
314625 PADRE CARVALHO;4;4;5;5;5;5;7;8;9;9;9
314630 PADRE PARAISO;19;20;20;20;22;22;22;24;25;25;25
314640 PAINEIRAS;8;9;10;9;10;10;11;12;13;14;13
314650 PAINS;10;9;6;6;7;10;11;11;12;12;12
314655 PAI PEDRO;7;7;8;8;8;8;8;8;9;9;9
314660 PAIVA;3;3;3;3;3;3;3;3;4;4;4
314670 PALMA;17;16;18;18;19;19;19;19;19;21;20
314675 PALMOPOLIS;6;6;7;7;8;9;9;9;9;9;11
314690 PAPAGAIOS;15;15;17;17;17;18;24;26;27;29;34
314700 PARACATU;169;178;180;192;137;206;260;268;245;271;277
314710 PARA DE MINAS;225;206;203;210;217;159;176;174;189;198;192
314720 PARAGUACU;22;23;23;23;25;27;30;36;39;40;47
314730 PARAISOPOLIS;50;50;51;53;54;48;56;59;62;68;72
314740 PARAOPEBA;34;36;40;41;42;43;45;51;56;57;64
314750 PASSABEM;5;5;4;4;5;6;6;6;6;6;7
314760 PASSA QUATRO;35;34;34;37;38;37;41;46;52;55;65
314770 PASSA TEMPO;12;12;13;13;13;13;13;13;13;15;16
314780 PASSA VINTE;3;5;5;5;6;6;6;6;5;4;7
314790 PASSOS;279;297;320;346;346;314;313;328;349;391;429
314795 PATIS;4;4;4;5;5;5;5;5;6;6;6
314800 PATOS DE MINAS;429;438;462;491;566;596;610;631;639;675;700
314810 PATROCINIO;158;163;175;186;197;206;214;227;235;258;297
314820 PATROCINIO DO MURIAE;7;8;8;8;8;10;10;12;11;13;16
314830 PAULA CANDIDO;13;11;12;12;14;22;24;26;25;26;27
314840 PAULISTAS;4;4;4;7;7;7;7;7;7;7;7
314850 PAVAO;7;7;7;7;9;9;9;10;10;13;13
314860 PECANHA;20;19;20;21;24;26;36;36;36;38;37
314870 PEDRA AZUL;35;35;36;37;35;35;41;42;37;39;43
314875 PEDRA BONITA;7;7;8;8;8;10;10;9;10;10;12
314880 PEDRA DO ANTA;7;6;6;6;6;6;6;6;6;8;10
314890 PEDRA DO INDAIA;6;6;6;6;6;6;7;7;7;7;8
314900 PEDRA DOURADA;6;6;6;6;6;6;6;8;8;8;9
314910 PEDRALVA;19;20;20;21;22;24;24;24;16;22;30
314915 PEDRAS DE MARIA DA CRUZ;10;10;10;11;13;13;12;11;11;11;12
314920 PEDRINOPOLIS;7;7;7;7;7;7;7;8;8;8;9
314930 PEDRO LEOPOLDO;138;141;144;144;147;153;156;158;161;166;173
314940 PEDRO TEIXEIRA;4;4;4;4;4;4;4;4;4;4;5
314950 PEQUERI;4;1;5;5;6;6;6;7;7;8;7
314960 PEQUI;4;5;4;5;6;6;7;9;13;15;15
314970 PERDIGAO;9;10;10;12;12;12;11;12;15;18;20
314980 PERDIZES;25;29;28;29;32;33;34;33;32;36;38
314990 PERDOES;37;38;43;43;43;44;48;52;51;56;60
314995 PERIQUITO;5;5;6;6;7;6;6;8;9;8;9
315000 PESCADOR;8;9;9;9;4;5;5;6;9;14;16
315010 PIAU;4;5;5;5;5;5;5;5;5;6;6
315015 PIEDADE DE CARATINGA;9;9;9;9;9;9;9;9;9;10;10
315020 PIEDADE DE PONTE NOVA;6;6;4;4;5;5;5;5;5;7;8
315030 PIEDADE DO RIO GRANDE;6;7;7;8;8;9;14;14;14;16;16
315040 PIEDADE DOS GERAIS;7;6;6;6;6;7;8;9;10;10;11
315050 PIMENTA;12;13;14;14;14;15;14;16;19;20;26
315053 PINGO-D'AGUA;3;3;5;5;6;7;7;7;8;8;9
315057 PINTOPOLIS;6;5;7;8;8;8;8;8;8;9;10
315060 PIRACEMA;10;10;10;10;10;11;14;15;15;15;18
315070 PIRAJUBA;2;2;2;3;3;3;5;6;6;6;8
315080 PIRANGA;18;18;18;24;24;24;28;28;28;29;41
315090 PIRANGUCU;9;8;8;9;9;9;9;8;8;10;10
315100 PIRANGUINHO;11;11;13;15;15;15;17;17;18;19;19
315110 PIRAPETINGA;17;17;20;21;21;21;21;25;27;27;27
315120 PIRAPORA;77;80;86;103;108;111;114;115;124;130;138
315130 PIRAUBA;21;20;20;21;21;22;31;32;33;37;36
315140 PITANGUI;40;39;41;41;46;48;117;120;128;128;129
315150 PIUMHI;87;89;95;97;103;99;110;115;116;133;154
315160 PLANURA;13;13;16;16;15;15;15;15;18;18;18
315170 POCO FUNDO;21;21;23;24;25;25;26;28;51;53;66
315180 POCOS DE CALDAS;752;762;781;796;821;839;873;903;927;970;1013
315190 POCRANE;7;8;9;9;9;9;10;10;10;12;13
315200 POMPEU;34;39;44;48;48;46;46;50;54;56;61
315210 PONTE NOVA;194;201;204;207;213;221;231;249;262;274;291
315213 PONTO CHIQUE;5;6;7;7;7;7;9;10;11;11;11
315217 PONTO DOS VOLANTES;12;13;13;14;15;16;16;16;16;16;16
315220 PORTEIRINHA;49;53;55;57;53;53;57;64;69;71;77
315230 PORTO FIRME;8;9;10;11;12;13;13;15;16;16;16
315240 POTE;16;16;16;16;15;15;14;14;16;16;17
315250 POUSO ALEGRE;572;613;659;705;820;776;804;813;881;956;1094
315260 POUSO ALTO;7;8;9;9;9;9;13;13;14;16;22
315270 PRADOS;11;12;11;11;11;10;10;9;10;10;12
315280 PRATA;30;32;34;38;39;41;45;46;50;58;61
315290 PRATAPOLIS;10;11;11;11;10;10;12;14;14;15;15
315300 PRATINHA;5;5;5;6;6;6;6;8;9;9;8
315310 PRESIDENTE BERNARDES;9;7;7;10;10;9;10;12;12;12;18
315320 PRESIDENTE JUSCELINO;3;4;4;4;4;4;4;4;4;5;5
315330 PRESIDENTE KUBITSCHEK;4;4;4;4;4;5;5;5;5;5;5
315340 PRESIDENTE OLEGARIO;24;25;25;25;27;18;18;19;21;24;25
315350 ALTO JEQUITIBA;15;15;15;16;17;18;19;19;18;17;18
315360 PRUDENTE DE MORAIS;6;6;6;7;8;8;8;8;10;10;10
315370 QUARTEL GERAL;3;3;3;4;4;4;4;4;4;4;7
315380 QUELUZITO;3;3;3;3;3;3;3;3;3;3;3
315390 RAPOSOS;7;8;8;10;12;12;12;12;11;14;18
315400 RAUL SOARES;38;40;44;45;51;50;52;58;54;63;69
315410 RECREIO;18;18;19;20;20;20;17;17;17;20;23
315415 REDUTO;3;5;6;6;6;7;8;8;10;10;12
315420 RESENDE COSTA;22;24;26;30;31;28;31;35;32;34;36
315430 RESPLENDOR;22;22;24;24;22;20;22;24;31;33;35
315440 RESSAQUINHA;6;6;6;7;6;7;7;8;8;11;21
315445 RIACHINHO;9;9;9;10;11;9;11;12;13;16;16
315450 RIACHO DOS MACHADOS;12;12;13;13;10;11;13;15;16;19;21
315460 RIBEIRAO DAS NEVES;126;128;137;138;140;143;152;158;160;165;166
315470 RIBEIRAO VERMELHO;4;4;5;6;7;5;12;12;11;10;10
315480 RIO ACIMA;9;9;8;8;8;8;8;8;9;9;11
315490 RIO CASCA;34;35;38;42;39;39;52;54;56;60;60
315500 RIO DOCE;4;4;4;4;4;4;4;4;4;4;5
315510 RIO DO PRADO;7;7;7;7;7;8;8;8;8;8;9
315520 RIO ESPERA;6;6;6;6;6;6;6;6;7;7;8
315530 RIO MANSO;4;4;5;5;5;5;6;6;6;6;8
315540 RIO NOVO;14;13;14;14;15;16;27;27;27;27;27
315550 RIO PARANAIBA;16;16;19;20;19;27;31;37;39;38;39
315560 RIO PARDO DE MINAS;23;23;26;26;27;29;31;34;33;34;39
315570 RIO PIRACICABA;13;15;20;21;23;26;27;31;34;31;42
315580 RIO POMBA;27;29;31;32;35;35;36;38;38;39;43
315590 RIO PRETO;10;11;11;11;9;9;9;8;8;9;10
315600 RIO VERMELHO;15;15;15;14;15;14;17;20;20;21;25
315610 RITAPOLIS;7;6;7;8;9;9;9;7;9;9;9
315620 ROCHEDO DE MINAS;4;4;5;5;5;5;5;5;5;6;6
315630 RODEIRO;9;9;9;9;10;9;11;11;11;14;14
315640 ROMARIA;3;3;3;3;2;3;4;4;4;4;4
315645 ROSARIO DA LIMEIRA;5;5;5;6;6;6;6;7;8;7;18
315650 RUBELITA;9;9;9;9;10;11;11;12;12;11;12
315660 RUBIM;10;10;11;11;12;13;14;13;13;14;15
315670 SABARA;70;81;85;85;85;86;89;91;99;100;113
315680 SABINOPOLIS;19;23;24;24;23;23;25;25;25;26;25
315690 SACRAMENTO;49;50;51;52;55;59;64;66;72;81;85
315700 SALINAS;60;63;66;74;79;79;87;89;90;96;104
315710 SALTO DA DIVISA;10;10;11;11;10;11;11;10;9;10;14
315720 SANTA BARBARA;32;36;43;50;60;73;93;93;101;104;105
315725 SANTA BARBARA DO LESTE;4;4;4;3;4;4;4;3;4;5;5
315727 SANTA BARBARA DO MONTE VERDE;6;6;6;8;8;8;8;8;8;8;9
315730 SANTA BARBARA DO TUGURIO;3;4;4;4;3;3;3;3;3;3;3
315733 SANTA CRUZ DE MINAS;6;8;8;8;8;9;9;12;12;12;13
315737 SANTA CRUZ DE SALINAS;5;5;5;5;5;5;5;6;6;6;7
315740 SANTA CRUZ DO ESCALVADO;10;10;10;10;11;10;10;10;9;10;10
315750 SANTA EFIGENIA DE MINAS;4;4;4;4;4;4;4;4;5;5;5
315760 SANTA FE DE MINAS;4;4;5;5;6;6;7;7;7;7;8
315765 SANTA HELENA DE MINAS;5;4;5;6;6;6;6;5;7;12;13
315770 SANTA JULIANA;17;18;21;22;22;24;24;26;26;33;36
315780 SANTA LUZIA;126;136;144;150;150;171;200;204;218;245;279
315790 SANTA MARGARIDA;18;19;20;20;20;20;20;20;21;23;26
315800 SANTA MARIA DE ITABIRA;13;12;12;12;13;14;14;15;17;17;18
315810 SANTA MARIA DO SALTO;3;3;3;3;3;5;6;6;6;6;7
315820 SANTA MARIA DO SUACUI;17;16;17;19;19;20;20;20;21;30;38
315830 SANTANA DA VARGEM;7;7;7;6;7;8;9;9;9;8;10
315840 SANTANA DE CATAGUASES;2;3;3;3;6;5;6;6;5;6;8
315850 SANTANA DE PIRAPAMA;10;9;8;7;7;6;6;6;7;7;9
315860 SANTANA DO DESERTO;6;6;6;6;6;7;7;7;7;7;7
315870 SANTANA DO GARAMBEU;4;4;4;4;4;4;4;4;4;4;4
315880 SANTANA DO JACARE;7;8;8;8;8;8;8;8;7;8;8
315890 SANTANA DO MANHUACU;6;9;10;10;10;10;12;14;15;15;17
315895 SANTANA DO PARAISO;14;22;22;24;24;26;29;33;34;37;38
315900 SANTANA DO RIACHO;4;5;5;5;5;5;5;5;5;5;5
315910 SANTANA DOS MONTES;4;4;4;4;4;4;5;4;5;5;6
315920 SANTA RITA DE CALDAS;19;21;21;22;23;24;28;28;29;30;27
315930 SANTA RITA DE JACUTINGA;8;6;6;7;6;6;6;6;6;8;10
315935 SANTA RITA DE MINAS;8;8;9;10;11;11;9;9;9;10;10
315940 SANTA RITA DE IBITIPOCA;4;4;3;4;4;5;5;5;5;5;5
315950 SANTA RITA DO ITUETO;8;9;9;11;11;11;11;12;14;14;14
315960 SANTA RITA DO SAPUCAI;109;114;117;121;149;168;227;239;251;260;264
315970 SANTA ROSA DA SERRA;4;4;5;7;10;10;10;12;12;12;11
315980 SANTA VITORIA;20;23;24;26;27;28;29;31;34;42;44
315990 SANTO ANTONIO DO AMPARO;27;27;31;32;32;31;42;50;50;49;52
316000 SANTO ANTONIO DO AVENTUREIRO;7;7;7;7;7;6;7;7;7;7;8
316010 SANTO ANTONIO DO GRAMA;5;6;6;6;6;6;6;6;7;7;10
316020 SANTO ANTONIO DO ITAMBE;1;2;2;2;2;2;2;3;3;4;5
316030 SANTO ANTONIO DO JACINTO;9;9;8;8;8;8;8;10;10;11;12
316040 SANTO ANTONIO DO MONTE;35;37;44;44;47;48;53;53;54;56;58
316045 SANTO ANTONIO DO RETIRO;10;10;11;12;12;12;11;13;15;14;15
316050 SANTO ANTONIO DO RIO ABAIXO;3;3;3;3;3;4;4;2;4;5;7
316060 SANTO HIPOLITO;5;5;5;5;5;5;5;5;5;5;5
316070 SANTOS DUMONT;64;66;63;65;69;75;89;90;92;92;96
316080 SAO BENTO ABADE;3;4;4;3;4;5;5;5;6;6;7
316090 SAO BRAS DO SUACUI;6;6;6;6;6;6;7;7;7;7;7
316095 SAO DOMINGOS DAS DORES;5;6;6;7;7;7;7;8;8;8;9
316100 SAO DOMINGOS DO PRATA;16;16;20;20;22;23;27;29;30;32;36
316105 SAO FELIX DE MINAS;8;8;8;8;8;8;8;10;11;12;13
316110 SAO FRANCISCO;34;36;37;40;46;49;56;55;60;62;65
316120 SAO FRANCISCO DE PAULA;5;5;5;5;6;6;6;7;7;7;8
316130 SAO FRANCISCO DE SALES;9;9;9;10;9;13;13;14;14;15;15
316140 SAO FRANCISCO DO GLORIA;7;8;8;8;8;8;8;8;8;11;11
316150 SAO GERALDO;5;7;7;8;7;7;8;8;9;10;12
316160 SAO GERALDO DA PIEDADE;3;3;3;3;3;3;3;3;4;4;4
316165 SAO GERALDO DO BAIXIO;3;3;5;5;5;6;6;6;6;6;6
316170 SAO GONCALO DO ABAETE;12;11;12;12;7;9;9;13;13;15;16
316180 SAO GONCALO DO PARA;8;8;8;7;8;10;10;11;12;14;15
316190 SAO GONCALO DO RIO ABAIXO;10;11;12;13;14;14;16;19;20;21;25
316200 SAO GONCALO DO SAPUCAI;54;56;58;59;63;64;68;70;69;70;75
316210 SAO GOTARDO;34;36;43;44;55;60;66;74;80;82;87
316220 SAO JOAO BATISTA DO GLORIA;11;11;12;12;12;12;12;12;9;9;9
316225 SAO JOAO DA LAGOA;4;4;3;4;4;4;5;5;5;5;6
316230 SAO JOAO DA MATA;4;4;5;5;5;6;6;6;6;7;7
316240 SAO JOAO DA PONTE;19;19;20;20;20;22;24;23;27;31;32
316245 SAO JOAO DAS MISSOES;11;12;13;14;15;15;15;15;17;17;20
316250 SAO JOAO DEL REI;278;283;292;301;311;320;328;339;360;384;416
316255 SAO JOAO DO MANHUACU;11;13;13;13;14;14;15;16;16;18;24
316257 SAO JOAO DO MANTENINHA;5;5;5;5;6;8;11;11;11;12;12
316260 SAO JOAO DO ORIENTE;8;8;9;10;9;9;10;10;10;10;16
316265 SAO JOAO DO PACUI;6;6;6;7;7;7;8;8;10;10;11
316270 SAO JOAO DO PARAISO;20;20;21;20;21;22;25;25;27;29;32
316280 SAO JOAO EVANGELISTA;14;14;14;12;14;15;19;23;30;35;35
316290 SAO JOAO NEPOMUCENO;28;27;27;33;37;41;44;45;44;47;54
316292 SAO JOAQUIM DE BICAS;23;27;29;29;30;35;37;40;41;43;60
316294 SAO JOSE DA BARRA;20;20;19;19;20;11;11;11;12;14;14
316295 SAO JOSE DA LAPA;22;24;21;23;23;23;25;29;30;35;37
316300 SAO JOSE DA SAFIRA;4;4;4;4;4;4;4;5;5;5;7
316310 SAO JOSE DA VARGINHA;6;6;7;9;9;9;8;9;7;7;7
316320 SAO JOSE DO ALEGRE;5;5;5;5;5;5;6;7;7;7;7
316330 SAO JOSE DO DIVINO;5;5;6;6;6;6;6;6;6;6;6
316340 SAO JOSE DO GOIABAL;5;5;5;5;5;5;5;6;6;6;7
316350 SAO JOSE DO JACURI;4;4;6;7;7;7;7;7;7;7;6
316360 SAO JOSE DO MANTIMENTO;3;3;3;3;3;5;6;7;7;7;9
316370 SAO LOURENCO;180;188;206;223;241;253;279;304;303;334;365
316380 SAO MIGUEL DO ANTA;8;8;8;8;13;13;15;15;13;16;18
316390 SAO PEDRO DA UNIAO;7;7;7;7;8;9;9;9;9;9;11
316400 SAO PEDRO DOS FERROS;15;15;15;15;15;16;16;16;18;18;21
316410 SAO PEDRO DO SUACUI;7;7;7;7;8;8;7;7;7;6;8
316420 SAO ROMAO;8;8;11;12;12;12;12;13;15;15;15
316430 SAO ROQUE DE MINAS;14;13;13;13;13;14;14;14;14;15;18
316440 SAO SEBASTIAO DA BELA VISTA;5;5;4;4;5;5;5;5;7;8;10
316443 SAO SEBASTIAO DA VARGEM ALEGRE;6;6;6;6;6;7;7;7;7;7;6
316447 SAO SEBASTIAO DO ANTA;4;4;5;5;5;5;5;5;6;6;6
316450 SAO SEBASTIAO DO MARANHAO;7;7;7;8;8;8;11;14;15;16;19
316460 SAO SEBASTIAO DO OESTE;14;15;15;16;11;11;11;11;12;12;14
316470 SAO SEBASTIAO DO PARAISO;150;155;166;169;183;205;211;229;246;262;271
316480 SAO SEBASTIAO DO RIO PRETO;2;2;2;3;3;3;3;3;3;4;5
316490 SAO SEBASTIAO DO RIO VERDE;4;4;4;4;4;4;4;4;5;7;10
316500 SAO TIAGO;11;11;12;12;12;13;13;13;13;14;17
316510 SAO TOMAS DE AQUINO;9;10;11;12;12;14;15;15;15;15;15
316520 SAO THOME DAS LETRAS;8;9;9;10;10;11;19;20;19;19;20
316530 SAO VICENTE DE MINAS;13;15;16;17;17;17;17;18;20;20;20
316540 SAPUCAI-MIRIM;7;8;8;8;8;9;9;10;10;9;9
316550 SARDOA;4;5;5;5;5;2;5;5;6;6;6
316553 SARZEDO;27;28;30;34;37;40;43;46;45;52;63
316555 SETUBINHA;8;8;8;8;8;8;9;9;9;9;16
316556 SEM-PEIXE;5;6;6;6;6;6;6;6;6;6;6
316557 SENADOR AMARAL;4;4;4;4;7;6;6;6;6;6;7
316560 SENADOR CORTES;4;4;4;3;4;4;5;5;5;5;6
316570 SENADOR FIRMINO;10;10;10;13;13;13;16;18;24;22;24
316580 SENADOR JOSE BENTO;5;5;5;5;5;5;5;6;6;6;6
316590 SENADOR MODESTINO GONCALVES;3;3;3;3;3;3;4;6;6;6;7
316600 SENHORA DE OLIVEIRA;6;6;7;7;7;7;8;7;8;8;8
316610 SENHORA DO PORTO;3;3;3;3;5;5;5;5;6;6;5
316620 SENHORA DOS REMEDIOS;5;3;7;8;8;8;26;26;26;26;23
316630 SERICITA;10;10;11;11;11;11;11;11;10;11;13
316640 SERITINGA;3;3;2;2;3;2;2;3;5;6;9
316650 SERRA AZUL DE MINAS;3;3;3;3;3;3;3;3;1;4;4
316660 SERRA DA SAUDADE;4;4;4;4;4;4;4;5;5;5;5
316670 SERRA DOS AIMORES;6;6;7;6;6;6;6;6;6;6;7
316680 SERRA DO SALITRE;18;20;21;21;21;25;26;31;32;38;41
316690 SERRANIA;8;9;11;12;13;14;14;14;14;15;15
316695 SERRANOPOLIS DE MINAS;7;7;7;7;7;7;7;8;8;8;9
316700 SERRANOS;2;5;3;4;4;4;5;5;4;4;4
316710 SERRO;23;23;23;25;26;27;28;29;28;30;41
316720 SETE LAGOAS;476;487;503;522;544;573;607;633;663;712;770
316730 SILVEIRANIA;4;4;4;4;4;5;5;5;5;6;9
316740 SILVIANOPOLIS;9;9;10;11;10;11;12;13;13;13;14
316750 SIMAO PEREIRA;6;6;6;5;5;5;5;6;6;7;8
316760 SIMONESIA;15;17;19;21;21;24;25;25;26;29;29
316770 SOBRALIA;8;10;12;12;11;11;16;18;20;20;18
316780 SOLEDADE DE MINAS;2;2;2;2;2;3;6;6;7;9;8
316790 TABULEIRO;5;5;7;7;7;7;6;6;7;7;7
316800 TAIOBEIRAS;41;52;48;51;54;56;58;62;66;71;76
316805 TAPARUBA;6;6;6;6;5;6;7;7;7;7;8
316810 TAPIRA;2;2;2;2;3;2;2;5;6;7;7
316820 TAPIRAI;3;3;3;3;3;3;3;4;4;4;4
316830 TAQUARACU DE MINAS;4;5;5;5;6;6;6;8;7;7;9
316840 TARUMIRIM;16;16;16;16;17;16;18;22;21;23;25
316850 TEIXEIRAS;11;13;13;15;15;19;18;23;26;29;34
316860 TEOFILO OTONI;450;434;448;462;474;488;498;499;519;545;558
316870 TIMOTEO;106;115;122;128;140;150;160;166;169;179;187
316880 TIRADENTES;5;6;7;7;7;7;10;10;11;12;12
316890 TIROS;8;10;12;12;13;13;18;21;21;21;21
316900 TOCANTINS;12;12;16;18;17;14;16;18;15;17;20
316905 TOCOS DO MOJI;6;6;7;7;6;6;8;9;11;11;12
316910 TOLEDO;4;4;5;5;6;7;7;7;7;7;7
316920 TOMBOS;32;35;35;36;35;35;37;36;37;38;38
316930 TRES CORACOES;222;228;235;240;262;266;281;293;293;302;312
316935 TRES MARIAS;35;42;47;57;62;70;72;79;82;85;95
316940 TRES PONTAS;194;198;206;218;203;213;220;233;258;287;286
316950 TUMIRITINGA;6;6;7;7;7;7;7;8;8;9;9
316960 TUPACIGUARA;12;14;16;22;23;26;26;24;25;31;37
316970 TURMALINA;21;24;27;32;32;33;47;49;48;58;54
316980 TURVOLANDIA;4;4;5;5;5;1;6;9;9;9;9
316990 UBA;148;153;168;179;178;186;198;201;217;236;237
317000 UBAI;14;14;17;18;19;19;20;20;21;20;19
317005 UBAPORANGA;8;8;8;10;11;12;15;15;15;15;16
317010 UBERABA;509;533;574;622;657;561;618;662;714;772;818
317020 UBERLANDIA;1447;1507;1573;1649;1779;1930;2371;2577;2789;3085;3316
317030 UMBURATIBA;4;4;4;4;4;4;4;4;4;5;4
317040 UNAI;96;101;119;134;147;151;181;205;227;255;280
317043 UNIAO DE MINAS;5;5;5;5;6;6;6;7;8;8;8
317047 URUANA DE MINAS;5;5;4;5;6;6;6;7;6;6;6
317050 URUCANIA;6;6;6;6;6;6;6;6;7;10;11
317052 URUCUIA;9;10;13;13;13;13;14;16;16;17;22
317057 VARGEM ALEGRE;4;4;4;4;4;5;6;6;7;7;8
317060 VARGEM BONITA;7;7;7;7;6;6;6;4;6;6;7
317065 VARGEM GRANDE DO RIO PARDO;9;9;10;10;10;10;10;11;12;14;14
317070 VARGINHA;591;602;666;696;773;811;849;924;962;1027;1102
317075 VARJAO DE MINAS;7;7;8;8;8;8;10;13;15;17;18
317080 VARZEA DA PALMA;36;38;43;43;47;49;54;55;56;60;61
317090 VARZELANDIA;18;18;19;19;20;22;22;22;23;24;25
317100 VAZANTE;24;25;28;34;42;39;49;51;51;59;55
317103 VERDELANDIA;7;7;7;9;11;11;13;13;13;14;17
317107 VEREDINHA;6;6;6;6;7;6;7;7;7;7;7
317110 VERISSIMO;3;3;3;3;4;6;6;6;6;6;6
317115 VERMELHO NOVO;2;2;2;2;3;3;3;3;4;5;6
317120 VESPASIANO;112;114;116;122;126;136;140;145;149;160;167
317130 VICOSA;292;316;341;360;421;445;487;536;569;594;634
317140 VIEIRAS;5;4;4;5;5;5;5;5;6;6;8
317150 MATHIAS LOBATO;3;4;4;4;6;6;6;6;7;7;7
317160 VIRGEM DA LAPA;14;16;16;16;16;16;16;16;17;17;17
317170 VIRGINIA;8;10;10;11;11;9;11;16;19;23;31
317180 VIRGINOPOLIS;12;13;17;19;19;18;20;21;21;26;26
317190 VIRGOLANDIA;6;7;7;7;8;9;10;10;10;11;16
317200 VISCONDE DO RIO BRANCO;57;59;60;69;87;89;91;91;98;98;111
317210 VOLTA GRANDE;9;10;10;10;10;10;10;10;10;10;10
317220 WENCESLAU BRAZ;2;2;2;2;2;2;2;2;2;2;2
Total;36878;38349;40523;42483;44805;44548;48973;51720;53811;57497;61363
 Fonte: Ministério da Saúde - Cadastro Nacional dos Estabelecimentos de Saúde do Brasil - CNES;;;;;;;;;;;
 Nota:;;;;;;;;;;;
 - Os dados relativos ao Cadastro Nacional de Estabelecimentos de Saúde (CNES) exibidos no TABNET referem-se aos registros constantes no Banco de Dados Nacional do CNES com status ATIVO.;;;;;;;;;;;
 - A partir do processamento de junho de 2012, houve mudança na classificaçăo da natureza e esfera dos estabelecimentos. Com isso, temos que:;;;;;;;;;;;
 ;;;;;;;;;;;
" Até maio de 2012 estas informaçőes estăo disponíveis como ""Natureza"" e ""Esfera Administrativa"".";;;;;;;;;;;
" De junho de 2012 a outubro de 2015, estăo disponíveis tanto como ""Natureza"" e ""Esfera Administrativa"", como ""Natureza Jurídica"" e ""Esfera Jurídica"".";;;;;;;;;;;
" A partir de novembro de 2015, estăo disponíveis como ""Natureza Jurídica"" e ""Esfera Jurídica"".";;;;;;;;;;;
 ;;;;;;;;;;;
